epub	1.1.1	r"/"
pnet_macros	0.20.0	r"^u([0-9]+)(be|le|he)?$"
iban_validate	1.0.1	r"^[A-Z]{2}\d{2}[A-Z\d]{1,30}$"
markifier	0.1.0	r".*\[(?P<percent>.+)%.*\].*"
magnet_more	0.0.1	r"(.+?)(\[.*?\])?"
magnet_app	0.0.1	r":(?P<k>[a-zA-Z_]+)"
yubibomb	0.2.0	r"^\d{6}(?:\s*,\s*\d{6})*$"
yubirs	0.1.0	r"^[jxe.uidchtnbpygk]{32,48}$"
yubirs	0.1.0	r"^[cbdefghijklnrtuv]{32,48}$"
multirust-rs	0.0.4	r"[\\/]([^\\/?]+)(\?.*)?$"
ffi_utils	0.5.0	r"^pub use (ffi(::.+)*)::\*;$"
ffi_utils	0.5.0	r"\bc_char\b"
ffi_utils	0.5.0	r"\bc_void\b"
hueclient	0.3.2	"\"[a-z]*\":null"
hueclient	0.3.2	",+"
hueclient	0.3.2	",\\}"
hueclient	0.3.2	"\\{,"
aerial	0.1.0	r"[a-zA-Z_\$][a-zA-Z_0-9]*"
aerial	0.1.0	r"thi[sng]+"
rvue	0.1.0	r"(.+)\s+\((.+?)\)"
rvue	0.1.0	r"([\d\.]+)\s*out\s*of\s*([\d\.]+)"
rvue	0.1.0	r"^([\d\.]+)\s*(?:\(\))?$"
rvue	0.1.0	r"([\d\.]+)\s*Points\s*Possible"
rvue	0.1.0	r"([\d\.]+)\s*/\s*([\d\.]+)"
migrant_lib	0.19.2	r"[^a-z0-9-]+"
migrant_lib	0.19.2	r"[0-9]{14}_[a-z0-9-]+"
migrant_lib	0.19.2	r"([0-9]{14}_)?[a-z0-9-]+"
minifier	0.0.3	r">\s+<"
minifier	0.0.3	r"\s{2,}|[\r\n]"
minifier	0.0.3	r"<(style|script)[\w|\s].*?>"
minifier	0.0.3	"<!--(.|\n)*?-->"
minifier	0.0.3	r"<\w.*?>"
minifier	0.0.3	r" \s+|\s +"
minifier	0.0.3	r"\w\s+\w"
minifier	0.0.3	r"'\s+>"
minifier	0.0.3	r"\d\s+>"
ggp-rs	0.1.2	r"(?P<relation>\([^)]+\))|(?P<prop>[a-zA-Z0-9_]+)"
ggp-rs	0.1.2	r"\((.*)\)."
poe-superfilter	0.2.0	"[A-Za-z0-9_]"
poke-a-mango	0.5.0	r"(\d+)x(\d+)"
pop3-rs	0.1.0	r"(?P<nmsg>\d+) (?P<size>\d+)"
pop3-rs	0.1.0	r"(?P<msgid>\d+) (?P<uidl>[\x21-\x7E]{1,70})"
pop3-rs	0.1.0	r"(<.*>)\r\n$"
pop3-rs	0.1.0	r"^(?P<status>\+OK|-ERR) (?P<statustext>.*)"
pop3	1.0.6	r"^\.\r\n$"
pop3	1.0.6	r"\+OK(.*)"
pop3	1.0.6	r"-ERR(.*)"
pop3	1.0.6	r"\+OK (\d+) (\d+)\r\n"
pop3	1.0.6	r"(\d+) ([\x21-\x7e]+)\r\n"
pop3	1.0.6	r"\+OK (\d+) ([\x21-\x7e]+)\r\n"
pop3	1.0.6	r"(\d+) (\d+)\r\n"
pop3	1.0.6	r"\+OK (\d+) (\d+)\r\n"
polk	1.1.2	"github:(\\w+)/?(\\w+)?"
geochunk	0.1.5	"^[0-9]{5}"
generic-dns-update	1.1.4	r"((?:(?:0|1[\d]{0,2}|2(?:[0-4]\d?|5[0-5]?|[6-9])?|[3-9]\d?)\.){3}(?:0|1[\d]{0,2}|2(?:[0-4]\d?|5[0-5]?|[6-9])?|[3-9]\d?))"
generic-dns-update	1.1.4	r"((([0-9A-Fa-f]{1,4}:){7}[0-9A-Fa-f]{1,4})|(([0-9A-Fa-f]{1,4}:){6}:[0-9A-Fa-f]{1,4})|(([0-9A-Fa-f]{1,4}:){5}:([0-9A-Fa-f]{1,4}:)?[0-9A-Fa-f]{1,4})|(([0-9A-Fa-f]{1,4}:){4}:([0-9A-Fa-f]{1,4}:){0,2}[0-9A-Fa-f]{1,4})|(([0-9A-Fa-f]{1,4}:){3}:([0-9A-Fa-f]{1,4}:){0,3}[0-9A-Fa-f]{1,4})|(([0-9A-Fa-f]{1,4}:){2}:([0-9A-Fa-f]{1,4}:){0,4}[0-9A-Fa-f]{1,4})|(([0-9A-Fa-f]{1,4}:){6}((\d((25[0-5])|(1\d{2})|(2[0-4]\d)|(\d{1,2}))\d)\.){3}(\d((25[0-5])|(1\d{2})|(2[0-4]\d)|(\d{1,2}))\d))|(([0-9A-Fa-f]{1,4}:){0,5}:((\d((25[0-5])|(1\d{2})|(2[0-4]\d)|(\d{1,2}))\d)\.){3}(\d((25[0-5])|(1\d{2})|(2[0-4]\d)|(\d{1,2}))\d))|(::([0-9A-Fa-f]{1,4}:){0,5}((\d((25[0-5])|(1\d{2})|(2[0-4]\d)|(\d{1,2}))\d)\.){3}(\d((25[0-5])|(1\d{2})|(2[0-4]\d)|(\d{1,2}))\d))|([0-9A-Fa-f]{1,4}::([0-9A-Fa-f]{1,4}:){0,5}[0-9A-Fa-f]{1,4})|(::([0-9A-Fa-f]{1,4}:){0,6}[0-9A-Fa-f]{1,4})|(([0-9A-Fa-f]{1,4}:){1,7}:))"
generic-dns-update	1.1.4	r"<value><string>([0-9.]*)</string></value>"
generic-dns-update	1.1.4	r"<int>([0-9]+)</int>"
generic-dns-update	1.1.4	r"<int>([0-9]+)</int>"
generic-dns-update	1.1.4	r"<boolean>([0-1]*)</boolean>"
generate-nix-pkg	0.3.0	r"(\d*)\.(\d*)\.(\d*)(-(\S*))?"
generate-nix-pkg	0.3.0	r"^(\S*) (\d*)\.(\d*)\.(\d*)(-(\S*))?"
genact	0.4.0	r"arch/([a-z0-9_])+/"
genact	0.4.0	r"arch/([a-z0-9_])+/"
cron_rs	0.1.6	r"^\s*((\*(/\d+)?)|[0-9-,/]+)(\s+((\*(/\d+)?)|[0-9-,/]+)){4,5}\s*$"
sysfs_gpio	0.5.1	r"^/sys/.*?/gpio/gpio(\d+)$"
symbolic-debuginfo	2.0.7	"__?hidden#\\d+_"
symbolic-minidump	2.0.7	r"^Linux ([^ ]+) (.*) \w+(?: GNU/Linux)?$"
graphql-idl-parser	0.1.1	"^(?u:\"
graphql-idl-parser	0.1.1	"^(?u:\\#)(?u:[\t-\r - \u{85}-\u{85}\u{a0}-\u{a0}\u{1680}-\u{1680}\u{2000}-\u{200a}\u{2028}-\u{2029}\u{202f}-\u{202f}\u{205f}-\u{205f}\u{3000}-\u{3000}])*(?u:.)+"
graphql-idl-parser	0.1.1	"^(?u:=)(?u:[\t-\r - \u{85}-\u{85}\u{a0}-\u{a0}\u{1680}-\u{1680}\u{2000}-\u{200a}\u{2028}-\u{2029}\u{202f}-\u{202f}\u{205f}-\u{205f}\u{3000}-\u{3000}])*(?u:.)+"
graphql-idl-parser	0.1.1	"^(?u:[A-Z_-_a-z])(?u:[0-9A-Z_-_a-z])*"
graphql-idl-parser	0.1.1	"^(?u:!)"
graphql-idl-parser	0.1.1	"^(?u:\\()"
graphql-idl-parser	0.1.1	"^(?u:\\))"
graphql-idl-parser	0.1.1	"^(?u:,)"
graphql-idl-parser	0.1.1	"^(?u::)"
graphql-idl-parser	0.1.1	"^(?u:@)"
graphql-idl-parser	0.1.1	"^(?u:\\[)"
graphql-idl-parser	0.1.1	"^(?u:\\])"
graphql-idl-parser	0.1.1	"^(?u:enum)"
graphql-idl-parser	0.1.1	"^(?u:implements)"
graphql-idl-parser	0.1.1	"^(?u:input)"
graphql-idl-parser	0.1.1	"^(?u:interface)"
graphql-idl-parser	0.1.1	"^(?u:scalar)"
graphql-idl-parser	0.1.1	"^(?u:type)"
graphql-idl-parser	0.1.1	"^(?u:union)"
graphql-idl-parser	0.1.1	"^(?u:\\{)"
graphql-idl-parser	0.1.1	"^(?u:\\})"
phonenumber	0.1.0+8.7.0	r"[\d]+(?:[~\x{2053}\x{223C}\x{FF5E}][\d]+)?"
phonenumber	0.1.0+8.7.0	r"[, \[\]]"
phonenumber	0.1.0+8.7.0	r"[\\/] *x"
phonenumber	0.1.0+8.7.0	r"[[\P{N}&&\P{L}]&&[^#]]+$"
phonenumber	0.1.0+8.7.0	r"(?:.*?[A-Za-z]){3}.*"
phonenumber	0.1.0+8.7.0	r"(\D+)"
phonenumber	0.1.0+8.7.0	r"(\$\d)"
phonenumber	0.1.0+8.7.0	r"\(?\$1\)?"
phone_number	0.1.0	r"\D"
phone_number	0.1.0	r"^0+"
phone_number	0.1.0	r"^89"
phone_number	0.1.0	r"^8+"
phile	0.1.4	r"^ *(\^_*\^) *$"
phile	0.1.4	r"^[_\p{XID_Start}]$"
phile	0.1.4	r"^\p{XID_Continue}$"
uritemplate	0.1.2	"%25(?P<hex>[0-9a-fA-F][0-9a-fA-F])"
urdf-rs	0.4.2	"^package://(\\w+)/"
tsm-sys	0.1.0	r"hello world"
deb-version	0.1.0	"^(?:(?:(?:\\d+:).+)|(?:[^:]+))$"
debcargo	1.3.0	r"(?:[Cc]opyright|Â©)(?:\s|[Â©:,()Cc<])*\b\d{4}\b.*$"
feaders	0.2.0	r"^.*\.h$"
feaders	0.2.0	r"^.*\.c$"
feaders	0.2.0	r"^.*\.hpp$"
feaders	0.2.0	r"^.*\.cc$"
feaders	0.2.0	r"^.*\.cpp$"
hyperscan	0.1.5	r"CPtr\(\w+\)"
hyperscan	0.1.5	r"^Version:\s(\d\.\d\.\d)\sFeatures:\s+(\w+)?\sMode:\s(\w+)$"
hyperscan	0.1.5	r"RawDatabase<Block>\{db: \w+\}"
hyperscan	0.1.5	r"RawSerializedDatabase\{p: \w+, len: \d+\}"
afsort	0.2.0	r".*"
afsort	0.2.0	r".*"
afsort	0.2.0	r".*"
afsort	0.2.0	r".*"
afsort	0.2.0	r".*"
afsort	0.2.0	r".*"
afsort	0.2.0	r"^[a-z]+$"
afsort	0.2.0	r"^[a-z]+$"
tin-summer	1.21.1	r"(\.git|\.pijul|_darcs|\.hg)$"
tin-drummer	1.0.1	r".*?\.(a|la|lo|o|ll|keter|bc|dyn_o|d|rlib|crate|min\.js|hi|dyn_hi|S|jsexe|webapp|js\.externs|ibc|toc|aux|fdb_latexmk|fls|egg-info|whl|js_a|js_hi|jld|ji|js_o|so.*|dump-.*|vmb|crx|orig|elmo|elmi|pyc|mod|p_hi|p_o|prof|tix)$"
tin-drummer	1.0.1	r".*?\.(stats|conf|h|out|cache.*|dat|pc|info|\.js)$"
tin-drummer	1.0.1	r".*?\.(exe|a|la|o|ll|keter|bc|dyn_o|d|rlib|crate|min\.js|hi|dyn_hi|jsexe|webapp|js\.externs|ibc|toc|aux|fdb_latexmk|fls|egg-info|whl|js_a|js_hi|jld|ji|js_o|so.*|dump-.*|vmb|crx|orig|elmo|elmi|pyc|mod|p_hi|p_o|prof|tix)$"
tin-drummer	1.0.1	r".*?\.(stats|conf|h|out|cache.*|\.js)$"
tin-drummer	1.0.1	r"(\.git|\.pijul|_darcs|\.hg)$"
tin-drummer	1.0.1	r".*?\.(dyn_o|out|d|hi|dyn_hi|dump-.*|p_hi|p_o|prof|tix)$"
tin-drummer	1.0.1	r".*?\.(ibc)$"
tin-drummer	1.0.1	r"\.stack-work|dist-newstyle"
timmy	0.3.0	r"_NET_WM_PID\(CARDINAL\) = (\d+)"
timmy	0.3.0	r"today|yesterday|now"
timmy	0.3.0	r"(?P<day>\d{1,2})/(?P<month>\d{1,2})(/(?P<year>\d{4}|\d{2}))?"
timmy	0.3.0	r"(?P<n>\d+) (days?|ds?)(?P<ago>( ago)?)"
timmy	0.3.0	r"(?P<hr>\d{2}):(?P<mins>\d{2})"
tinfo	0.5.0	r"^(\d+): \d+ windows \(.*\) \[\d+x\d+\]( \(attached\))?"
tinfo	0.5.0	r"^(\d+):(\d+): (.*) \((\d+) panes\) \[(\d+)x(\d+)\]"
timespan	0.0.4	r"(?:\\\{start\\\}|\\\{end\\\})"
timespan	0.0.4	r"(.*)\s+-\s+(.*)"
timespan	0.0.4	r"(.*)\s+(\w+)$"
timespan	0.0.4	r"(.*)\s+(\w+)$"
timespan	0.0.4	r"(.*)\s+-\s+(.*)"
titlecase	0.10.0	r"[[:lower:]]"
tight	0.1.3	r"^\d+ (day|week|month|year)s?$"
tight	0.1.3	r"^\d+ (day|week|month|year)s?$"
yaml	0.2.1	r"^[-+]?(0|[1-9][0-9_]*)$"
yaml	0.2.1	r"^([-+]?)0o?([0-7_]+)$"
yaml	0.2.1	r"^([-+]?)0x([0-9a-fA-F_]+)$"
yaml	0.2.1	r"^([-+]?)0b([0-1_]+)$"
yaml	0.2.1	r"^([-+]?)(\.[0-9]+|[0-9]+(\.[0-9]*)?([eE][-+]?[0-9]+)?)$"
yaml	0.2.1	r"^[+]?(\.inf|\.Inf|\.INF)$"
yaml	0.2.1	r"^-(\.inf|\.Inf|\.INF)$"
yaml	0.2.1	r"^(\.nan|\.NaN|\.NAN)$"
yaml	0.2.1	r"^(null|Null|NULL|~)$"
yaml	0.2.1	r"^(true|True|TRUE|yes|Yes|YES)$"
yaml	0.2.1	r"^(false|False|FALSE|no|No|NO)$"
kefia	0.1.0	r"(?m)^(\S+)/(\S+) (\S+)(?: \((.*)\))?$"
risp	0.7.0	"^(\\s+|;.*?(\n|$))+"
risp	0.7.0	"^\".*?\""
risp	0.7.0	r"^[^\s\{\}()\[\]]+"
risp	0.7.0	r"^-?\d+"
ripgrep	0.8.1	"^([0-9]+)([KMG])?$"
riquid	0.0.1	r"^\w+"
riquid	0.0.1	r"^\d+"
recursive_disassembler	0.1.0	r"\A(0x)?([a-fA-F0-9]+)\z"
regex-decode	0.1.0	r"'(?P<title>[^']+)'\s+\((?P<year>\d{4})\)"
regex-decode	0.1.0	r"'(?P<title>[^']+)'\s+\((?P<year>\d{4})\)"
regex-decode	0.1.0	r"'(?P<title>[^']+)'\s+\((?P<year>\d{4})\)"
regex-decode	0.1.0	r"'(?P<title>[^']+)'\s+\((?P<year>\d{4})\)"
regex-decode	0.1.0	r"'(?P<title>[^']+)'\s+\((?P<year>\d{4})\)"
regex-decode	0.1.0	r"'(?P<title>[^']+)'\s+\((?P<year>\d{4})\)"
regex-decode	0.1.0	r"'(?P<title>[^']+)'\s+\((?P<year>\d{2})\)"
regex-decode	0.1.0	r"'(?P<title>[^']+)'\s+\((?P<year>\d{4})\)"
regex-decode	0.1.0	r"'(?P<title>[^']+)'\s+\((?P<year>\d{4})\)"
regex-decode	0.1.0	r"'(?P<title>[^']+)'\s+\((?P<year>\d{4})?\)"
regex-decode	0.1.0	r"'(?P<title>[^']+)'\s+\((?P<year>\d{4})?\)"
regex-decode	0.1.0	r"'(?P<title>[^']+)'\s+\((?P<year>\d{4})?\)"
regex-decode	0.1.0	r"'(?P<title>[^']+)'\s+\((?P<year>\d{4})?\)"
regex-decode	0.1.0	r"'(?P<title>[^']+)'\s+\((?P<year>\d{4})?\)"
regex-cache	0.1.5	"[0-9]{3}-[0-9]{3}-[0-9]{4}"
regex-cache	0.1.5	r"^\d+$"
regex-cache	0.1.5	r"^[a-z]+$"
regex-cache	0.1.5	r"^\d+$"
regex-cache	0.1.5	r"^\d+$"
regex_dfa	0.5.0	r"\d{4}-\d{2}-\d{2}"
reaper	2.0.0	r"^[0-9\p{L} _\\.]{3,16}$"
retdec	0.1.0	r"^attachment; filename=(.+)$"
renvsubst	0.1.2	r"(\\)(?P<head>\$[0-9A-Za-z_{])"
renvsubst	0.1.2	r"\$([[:word:]]+)"
renvsubst	0.1.2	r"\$\{([[:word:]]+)\}"
rexpect	0.3.0	r"'[a-z]+'"
rexpect	0.3.0	r"^\d{4}-\d{2}-\d{2}$"
rexpect	0.3.0	r"-\d{2}-"
little_boxes	1.6.0	r"(\x9B|\x1B\[)[0-?]*[ -/]*[@-~]"
libimagentrytag	0.6.0	"^[a-zA-Z]([a-zA-Z0-9_-]*)$"
libimaginteraction	0.6.0	r"^[Yy](\n?)$"
libimaginteraction	0.6.0	r"^[Nn](\n?)$"
libimagutil	0.6.0	"^(?P<KEY>([^=]*))=(.*)$"
libimagutil	0.6.0	"(.*)=(\"(?P<QVALUE>([^\"]*))\"|(?P<VALUE>(.*)))$"
linux_ip	0.1.0	r"\s+"
linux_ip	0.1.0	r"\s*[\n\r]+\s*"
linux_ip	0.1.0	r"^([0-9a-fA-F\.:/]+)\s+dev\s+([a-z0-9\.]+)\s*(.*)$"
linux_ip	0.1.0	r"^([0-9a-fA-F\.:/]+|default)\s+via\s+([a-z0-9\.:]+)\s+dev\s+([a-z0-9\.]+)\s*(.*)$"
linux_ip	0.1.0	r"^(blackhole)\s+([0-9a-fA-F\.:/]+)$"
linux_ip	0.1.0	r"^(unreachable)\s+([0-9a-fA-F\.:/]+)\s+dev\s+([a-z0-9\.]+)\s+(.*)$"
linux_ip	0.1.0	r"\s*[\n\r]+\s*"
linux_ip	0.1.0	r"^\d+:\s+([a-zA-Z0-9\.-]+)(@\S+)*:\s+(.*)$"
linux_ip	0.1.0	r"\s*link/ether\s+([a-f0-9:]+)\s+.*"
linux_ip	0.1.0	r"\s*inet[6]*\s+([0-9a-f:\./]+)\s+.*"
linky	0.1.1	r"^(.*):(\d+): [^ ]* ([^ ]*)$"
linky	0.1.1	r"[^\w -]"
limonite	0.2.1	r"^(\d{4}-\d{2}-\d{2})-(\d{3})-(.+)$"
process-queue	0.1.1	r"^[a-zA-Z]+$"
pronghorn	0.1.2	r"^\{([a-zA-Z_]+)\}$"
protocol-ftp-client	0.1.1	"(?m:^(\\d{3}) (.+)\r$)"
protocol-ftp-client	0.1.1	"\"(.+)\""
protocol-ftp-client	0.1.1	"(\\w+) [Tt]ype: (\\w+)"
protocol-ftp-client	0.1.1	"(?m:^(\\d{3})-.+\r$)"
protocol-ftp-client	0.1.1	"Entering Passive Mode \\((\\d+),(\\d+),(\\d+),(\\d+),(\\d+),(\\d+)\\)"
protocol-ftp-client	0.1.1	"(?m:^(.+)\r$)"
protocol-ftp-client	0.1.1	"^([d-])(?:[rwx-]{3}){3} +\\d+ +\\w+ +\\w+ +(\\d+) +(.+) +(.+)$"
article-date-extractor	0.1.1	r"([\./\-_]{0,1}(19|20)\d{2})[\./\-_]{0,1}(([0-3]{0,1}[0-9][\./\-_])|(\w{3,5}[\./\-_]))([0-3]{0,1}[0-9][\./\-]{0,1})"
article-date-extractor	0.1.1	r"(?i)publishdate|pubdate|timestamp|article_date|articledate|date"
arthas_plugin	0.1.1	r"type\((.*)\)"
arthas_plugin	0.1.1	r"Vec<(.*)>"
arthas_plugin	0.1.1	r"Option<(.*)>"
arthas_plugin	0.1.1	r"HashMap<[a-z0-9A-Z]+, *(.*)>"
arthas_derive	0.1.0	"Vec *< *(.*) *>"
arthas_derive	0.1.0	r"Option *< *(.*) *>"
arthas_derive	0.1.0	r"HashMap *< *[a-z0-9A-Z]+ *, *(.*) *>"
glossy_codegen	0.2.0	r"/\*.*?\*/|//.*"
glossy_codegen	0.2.0	"^\\s*#\\s*include\\s+<([:print:]+)>\\s*$"
glossy_codegen	0.2.0	"^\\s*#\\s*include\\s+\"([:print:]+)\"\\s*$"
glossy_codegen	0.2.0	r"^\s*#\s*version\s+(\d+)"
glossy_codegen	0.2.0	r"^\s*$"
gluster	1.0.1	r"(?P<addr>via \S+)"
gluster	1.0.1	r"(?P<src>src \S+)"
gl_helpers	0.1.5	r"(.*)\[\d+\]"
gl_helpers	0.1.5	r"(\d+).(\d+)"
glr-parser	0.0.1	r"(?P<c>[\\\.\+\*\?\(\)\|\[\]\{\}\^\$])"
glr-parser	0.0.1	r"^\w+$"
glr-parser	0.0.1	"'[^']+'"
hoodlum	0.5.0	r"(?m)//.*"
form-checker	0.2.2	r"^1\d{10}$"
form-checker	0.2.2	r"(?i)^[\w.%+-]+@(?:[A-Z0-9-]+\.)+[A-Z]{2,4}$"
wikibase	0.1.4	r"(?x)(?P<user_agent>[a-zA-Z\d-_]+\/[0-9\.]+)"
wikibase	0.1.4	r"(?P<user_agent>[a-zA-Z\d-_]+/[0-9\.]+)"
wifiscanner	0.3.6	r"Cell [0-9]{2,} - Address:"
wifiscanner	0.3.6	r"([0-9a-zA-Z]{1}[0-9a-zA-Z]{1}[:]{1}){5}[0-9a-zA-Z]{1}[0-9a-zA-Z]{1}"
wifiscanner	0.3.6	r"Signal level=(\d+)/100"
bbcode	1.0.2	r"(?s)\[b\](.*?)\[/b\]"
bbcode	1.0.2	r"(?s)\[i\](.*?)\[/i\]"
bbcode	1.0.2	r"(?s)\[u\](.*?)\[/u\]"
bbcode	1.0.2	r"(?s)\[s\](.*?)\[/s\]"
bbcode	1.0.2	r"(?s)\[size=(\d+)](.*?)\[/size\]"
bbcode	1.0.2	r"(?s)\[color=(.+)](.*?)\[/color\]"
bbcode	1.0.2	r"(?s)\[center\](.*?)\[/center\]"
bbcode	1.0.2	r"(?s)\[left\](.*?)\[/left\]"
bbcode	1.0.2	r"(?s)\[right\](.*?)\[/right\]"
bbcode	1.0.2	r"(?s)\[table\](.*?)\[/table\]"
bbcode	1.0.2	r"(?s)\[td\](.*?)\[/td\]"
bbcode	1.0.2	r"(?s)\[tr\](.*?)\[/tr\]"
bbcode	1.0.2	r"(?s)\[th\](.*?)\[/th\]"
bbcode	1.0.2	r"(?s)\[url\](.*?)\[/url\]"
bbcode	1.0.2	r"(?s)\[url=(.+)\](.*?)\[/url\]"
bbcode	1.0.2	r"(?s)\[quote\](.*?)\[/quote\]"
bbcode	1.0.2	r"(?s)\[quote=(.+)\](.*?)\[/quote\]"
bbcode	1.0.2	r"(?s)\[img=(\d+)x(\d+)(\b.*)?\](.*?)\[/img\]"
bbcode	1.0.2	r"(?s)\[img=(.+)(\b.*)?\](.*?)\[/img\]"
bbcode	1.0.2	r"(?s)\[img(\b.*)?\](.*?)\[/img\]"
bbcode	1.0.2	r"(?s)\[ol\](.*?)\[/ol\]"
bbcode	1.0.2	r"(?s)\[ul\](.*?)\[/ul\]"
bbcode	1.0.2	r"(?s)\[list\](.*?)\[/list\]"
bbcode	1.0.2	r"(?s)\[youtube\](.*?)\[/youtube\]"
bbcode	1.0.2	r"(?s)\[youtube=(\d+)x(\d+)\](.*?)\[/youtube\]"
bbcode	1.0.2	r"(?s)\[li\](.*?)\[/li\]"
block-utils	0.5.0	r"loop\d+"
block-utils	0.5.0	r"ram\d+"
block-utils	0.5.0	r"md\d+"
rfc822_sanitizer	0.3.3	r"(\d{2}):(\d{2}):(\d{2})"
rfc822_sanitizer	0.3.3	r"(\d{1,2}):(\d{1,2}):(\d{1,2})"
faker	0.0.4	r"[2-9]"
faker	0.0.4	r"[1-9]"
faker	0.0.4	r"[0-9]"
faker	0.0.4	r"\d{10}"
faker	0.0.4	r"\d{1}"
faker	0.0.4	r"^\w+"
faker	0.0.4	r"^\w+"
faker	0.0.4	r"^(\w+\.? ?){2,3}$"
faker	0.0.4	r"^[A-Z][a-z]+\.?$"
faker	0.0.4	r"^[A-Z][A-Za-z]*\.?$"
faker	0.0.4	r"http://lorempixel.com/100/100/\w+"
faker	0.0.4	r"http://lorempixel.com/100/100/cats"
fancy-regex	0.1.0	"(?i:ÃŸ)"
fancy-regex	0.1.0	"(?i:\\x{0587})"
fancy-regex	0.1.0	"^\\\\([!-/:-@\\[-`\\{-~aftnrv]|[0-7]{1,3}|x[0-9a-fA-F]{2}|x\\{[0-9a-fA-F]{1,6}\\})"
fanta	0.1.6	r":\w+"
fanta	0.1.6	r"^:(\w+)$"
fanta	0.1.6	r"^(__\w+__)/(.*)"
fanta-cli	0.1.1	r"(.)([A-Z])"
fanta-cli	0.1.1	"\\{:[^\\s]+\\}"
amigo	0.3.1	r"^-?\d+(\.\d)?"
amigo	0.3.1	r"^[a-zA-Z_]+[\w-]*[!?_]?"
amigo	0.3.1	r"^\("
amigo	0.3.1	r"^\)"
amigo	0.3.1	r"^\s+"
hifitime	0.1.0	r"^(\d{4})-(\d{2})-(\d{2})(?:T|\W)(\d{2}):(\d{2}):(\d{2})(([\+|-]\d{2}):(\d{2}))?$"
ethcore-logger	1.9.0	"\x1b\\[[^m]+m"
dash2html	1.0.1	r"__.*?__"
dash2html	1.0.1	r"(?i)@(?:time|clipboard|cursor|date)"
os_type	2.0.0	r"^Microsoft Windows \[Version\s(\d+\.\d+\.\d+)\]$"
os_type	2.0.0	r"ProductName:\s([\w\s]+)\n"
os_type	2.0.0	r"ProductVersion:\s(\w+\.\w+\.\w+)"
os_type	2.0.0	r"BuildVersion:\s(\w+)"
os_type	2.0.0	r"(\w+) Linux release"
os_type	2.0.0	r"release\s([\w\.]+)"
os_type	2.0.0	r"Distributor ID:\s(\w+)"
os_type	2.0.0	r"Release:\s([\w\.]+)"
bindgen	0.33.1	r"typename type\-parameter\-\d+\-\d+::.+"
oozz	0.4.1	r"[^a-zA-Z\s!\./'\042_\$0-9]"
oozz	0.4.1	r"(\x1b[^m]*m|\x1b\[\d+C)"
oozz	0.4.1	r"(\x1b\[)([0-9]+)(C)"
imap	0.7.0	"^+(.*)\r\n"
image-base64	0.1.0	r"^ffd8ffe0"
image-base64	0.1.0	r"^89504e47"
image-base64	0.1.0	r"^47494638"
json-pointer	0.3.2	"^(/([^/~]|~[01])*)*$"
json-pointer	0.3.2	"^#(/([^/~%]|~[01]|%[0-9a-fA-F]{2})*)*$"
mysql_common	0.5.0	r"^5.5.5-(\d{1,2})\.(\d{1,2})\.(\d{1,3})-MariaDB"
mysql_common	0.5.0	r"^(\d{1,2})\.(\d{1,2})\.(\d{1,3})(.*)"
government_id	0.1.0	r"^[0-9]{4}[0-9A-Z]{2}[0-9]{3}$"
ohmers	0.1.1	r"UniqueIndexViolation: (\w+)"
elasticlunr-rs	0.2.2	"^(.+?)(ss|i)es$"
elasticlunr-rs	0.2.2	"^(.+?)([^s])s$"
elasticlunr-rs	0.2.2	"^(.+?)eed$"
elasticlunr-rs	0.2.2	"^(.+?)(ed|ing)$"
elasticlunr-rs	0.2.2	"(at|bl|iz)$"
elasticlunr-rs	0.2.2	"([^aeiouylsz]{2})$"
elasticlunr-rs	0.2.2	"^(.+?[^aeiou])y$"
elasticlunr-rs	0.2.2	"^(.+?)(icate|ative|alize|iciti|ical|ful|ness)$"
elasticlunr-rs	0.2.2	"^(.+?)(s|t)(ion)$"
elasticlunr-rs	0.2.2	"^(.+?)e$"
eliza	1.0.0	r"(.*) you are (.*)"
eliza	1.0.0	r"(.*) you are (.*)"
eliza	1.0.0	r"(.*) you are (.*)"
chema	0.0.5	"^\\s*\\*"
chema	0.0.5	"^\\s*@(\\w+)\\s+(.*)"
chord3	0.3.0	r"^\s*#"
chord3	0.3.0	r"\{(?P<cmd>\w+)(?::?\s*(?P<arg>.*))?\}"
chord3	0.3.0	r"\{(eot|end_of_tab):?\s*"
chord3	0.3.0	r"([^\[]*)(?:\[([^\]]*)\])?"
checkmail	0.1.1	"^[a-zA-Z0-9.!#$%&'*+/=?^_`{|}~-]+@[a-zA-Z0-9](?:[a-zA-Z0-9-]{0,61}[a-zA-Z0-9])?(?:\\.[a-zA-Z0-9](?:[a-zA-Z0-9-]{0,61}[a-zA-Z0-9])?)*$"
cntk	0.2.1	r"\b\w\w+\b"
cntk	0.2.1	r"\b\w\w+\b"
upm_lib	0.3.0	r"^(\d+)\.(\d+)\.(\d+)(?:-([\dA-Za-z-]+(?:\.[\dA-Za-z-]+)*))?(?:\+([\dA-Za-z-]+(?:\.[\dA-Za-z-]+)*))?$"
wright	0.4.2	r"([[:alpha:]][[[:alnum:]]_]*)"
avro	0.2.1	r"^\s*(\*+(\s+))?"
avro	0.2.1	r"^\s*(\*+)?"
nomi	0.0.2	"[0-9]+"
nodes	0.1.0	"([0-9]+)@(?:nodes|n)?:([^@]+)?"
not-stakkr	1.0.0	r"(?i)in (\d+) (second|minute|hour|day|week)s?"
notetxt	0.0.1	"^([A-Za-z0-9 -_:]+)\n-+\n"
nail	0.1.0-pre.0	r"^-?[0-9]+(\.[0-9]+)?([eE]-?[0-9]+)?$"
nail	0.1.0-pre.0	r"^-?[0-9]+$"
askalono	0.1.1	r"[^\w\s\pP]+"
askalono	0.1.1	r"[\r\n\v\f]"
askalono	0.1.1	r"\n{3,}"
askalono	0.1.1	r"(?x)[ \t\p{Zs} \\ / \| \x2044 ]+"
askalono	0.1.1	r"\p{Pd}+"
askalono	0.1.1	r"\p{Ps}+"
askalono	0.1.1	r"\p{Pe}+"
askalono	0.1.1	r"\p{Pc}+"
askalono	0.1.1	r"[Â©â’¸â“’]"
askalono	0.1.1	r"[^\w\s]+"
askalono	0.1.1	r"\s+"
assembunny_plus	0.0.3	r"[^0-9a-zA-Z_]"
assembunny_plus	0.0.3	r"[0-9]"
salt-compressor	0.4.0	r"(?m)^Minion (\S*) did not respond\. No job will be sent\.$"
sabisabi	0.4.1	r"</?[^>]+?>"
sabisabi	0.4.1	r"\([^)]*\)"
sassers	0.13.5-h28	"@import \"([^\"]*)\";"
shadowsocks	0.6.2	r"[A-Za-z\d-]{1,63}$"
shellwords	0.1.0	r"([^A-Za-z0-9_\-.,:/@\n])"
shellwords	0.1.0	r"\n"
shush	0.1.5	"(?P<num>[0-9]+)(?P<units>[dhms])"
woothee	0.8.0	r"(?:Chrome|CrMo|CriOS)/([.0-9]+)"
woothee	0.8.0	r"Vivaldi/([.0-9]+)"
woothee	0.8.0	r"Firefox/([.0-9]+)"
woothee	0.8.0	r"^Mozilla/[.0-9]+ \((?:Mobile|Tablet);(?:.*;)? rv:([.0-9]+)\) Gecko/[.0-9]+ Firefox/[.0-9]+$"
woothee	0.8.0	r"FxiOS/([.0-9]+)"
woothee	0.8.0	r"\(([^;)]+);FOMA;"
woothee	0.8.0	r"jig browser[^;]+; ([^);]+)"
woothee	0.8.0	r"(?i)rss(?:reader|bar|[-_ /;()]|[ +]*/)"
woothee	0.8.0	r"(?i)(?:bot|crawler|spider)(?:[-_ ./;@()]|$)"
woothee	0.8.0	r"(?i)(?:feed|web) ?parser"
woothee	0.8.0	r"(?i)watch ?dog"
woothee	0.8.0	r"Edge/([.0-9]+)"
woothee	0.8.0	r"MSIE ([.0-9]+);"
woothee	0.8.0	r"Version/([.0-9]+)"
woothee	0.8.0	r"Opera[/ ]([.0-9]+)"
woothee	0.8.0	r"OPR/([.0-9]+)"
woothee	0.8.0	r"Version/([.0-9]+)"
woothee	0.8.0	r"(?:SoftBank|Vodafone|J-PHONE)/[.0-9]+/([^ /;()]+)"
woothee	0.8.0	r"Trident/([.0-9]+);"
woothee	0.8.0	r" rv:([.0-9]+)"
woothee	0.8.0	r"IEMobile/([.0-9]+);"
woothee	0.8.0	r"(?:WILLCOM|DDIPOCKET);[^/]+/([^ /;()]+)"
woothee	0.8.0	r"Windows ([ .a-zA-Z0-9]+)[;\\)]"
woothee	0.8.0	r"^Phone(?: OS)? ([.0-9]+)"
woothee	0.8.0	r"iP(hone;|ad;|od) .*like Mac OS X"
woothee	0.8.0	r"Version/([.0-9]+)"
woothee	0.8.0	r"rv:(\d+\.\d+\.\d+)"
woothee	0.8.0	r"FreeBSD ([^;\)]+);"
woothee	0.8.0	r"CrOS ([^\)]+)\)"
woothee	0.8.0	r"Android[- ](\d+\.\d+(?:\.\d+)?)"
woothee	0.8.0	r"PSP \(PlayStation Portable\); ([.0-9]+)\)"
woothee	0.8.0	r"PLAYSTATION 3;? ([.0-9]+)\)"
woothee	0.8.0	r"PlayStation Vita ([.0-9]+)\)"
woothee	0.8.0	r"PlayStation 4 ([.0-9]+)\)"
woothee	0.8.0	r"BB10(?:.+)Version/([.0-9]+) "
woothee	0.8.0	r"BlackBerry(?:\d+)/([.0-9]+) "
woothee	0.8.0	r"; CPU(?: iPhone)? OS (\d+_\d+(?:_\d+)?) like Mac OS X"
woothee	0.8.0	r"Mac OS X (10[._]\d+(?:[._]\d+)?)(?:\)|;)"
woothee	0.8.0	r"^(?:Apache-HttpClient/|Jakarta Commons-HttpClient/|Java/)"
woothee	0.8.0	r"[- ]HttpClient(/|$)"
woothee	0.8.0	r"^(?:PHP|WordPress|CakePHP|PukiWiki|PECL::HTTP)(?:/| |$)"
woothee	0.8.0	r"(?:PEAR HTTP_Request|HTTP_Request)(?: class|2)"
woothee	0.8.0	r"(?:Rome Client |UnwindFetchor/|ia_archiver |Summify |PostRank/)"
woothee	0.8.0	r"Sleipnir/([.0-9]+)"
word_replace	0.0.3	r"@@[a-z|A-Z|\d]+@@"
wordcount	0.1.0	r"\w+"
just	0.3.8	"^([^=]+)=(.*)$"
emojicons	1.0.1	r":([a-zA-Z0-9_+-]+):"
git2_codecommit	0.1.2	r"git-codecommit\.([a-z0-9-]+)\.amazonaws\.com"
git-workarea	3.1.2	r"^submodule\.(?P<name>.*)\.(?P<key>[^=]*)=(?P<value>.*)$"
git-journal	1.6.2	r"[ \n]:(.*?):"
gitlab-api	0.6.0	r"private_token=\w{20}"
td-client	0.7.0	"^(http://|https://)"
katana	1.0.2	r"(?P<comp>et al\.)(?:\.)"
katana	1.0.2	r"\.{3}"
katana	1.0.2	r"(?P<number>[0-9]+)\.(?P<decimal>[0-9]+)"
katana	1.0.2	r"\s\.(?P<nums>[0-9]+)"
katana	1.0.2	r"(?:[A-Za-z]\.){2,}"
katana	1.0.2	r"(?P<init>[A-Z])(?P<point>\.)"
katana	1.0.2	r"(?P<title>[A-Z][a-z]{1,3})(\.)"
katana	1.0.2	r"&==&(?P<p>[.!?])"
katana	1.0.2	r"&\^&(?P<p>[.!?])"
katana	1.0.2	r"&\*\*&(?P<p>[.!?])"
katana	1.0.2	r"&=&(?P<p>[.!?])"
katana	1.0.2	r"&##&(?P<p>[.!?])"
katana	1.0.2	r"&\$&(?P<p>[.!?])"
kailua_syntax	1.1.0	r"@(?:_|\d+(?:/\d+(?:-\d+)?)?)"
kailua_syntax	1.1.0	r"<(\d+)>"
ftp	3.0.0	r"\((\d+),(\d+),(\d+),(\d+),(\d+),(\d+)\)"
ftp	3.0.0	r"\b(\d{4})(\d{2})(\d{2})(\d{2})(\d{2})(\d{2})\b"
ftp	3.0.0	r"\s+(\d+)\s*$"
vat	0.1.0	r"<countryCode>(.*?)</countryCode>"
vat	0.1.0	r"<vatNumber>(.*?)</vatNumber>"
vat	0.1.0	r"<name>(.*?)</name>"
vat	0.1.0	r"<address>(?s)(.*?)(?-s)</address>"
vat	0.1.0	r"<valid>(true|false)</valid>"
vat	0.1.0	r"^ATU\d{8}$"
vat	0.1.0	r"^BE0?\d{9, 10}$"
vat	0.1.0	r"^BG\d{9,10}$"
vat	0.1.0	r"^HR\d{11}$"
vat	0.1.0	r"^CY\d{8}[A-Z]$"
vat	0.1.0	r"^CZ\d{8,10}$"
vat	0.1.0	r"^DK\d{8}$"
vat	0.1.0	r"^EE\d{9}$"
vat	0.1.0	r"^FI\d{8}$"
vat	0.1.0	r"^FR[A-HJ-NP-Z0-9][A-HJ-NP-Z0-9]\d{9}$"
vat	0.1.0	r"^DE\d{9}$"
vat	0.1.0	r"^EL\d{9}$"
vat	0.1.0	r"^HU\d{8}$"
vat	0.1.0	r"^IE\d[A-Z0-9\+\*]\d{5}[A-Z]{1,2}$"
vat	0.1.0	r"^IT\d{11}$"
vat	0.1.0	r"^LV\d{11}$"
vat	0.1.0	r"^LT(\d{9}|\d{12})$"
vat	0.1.0	r"^LU\d{8}$"
vat	0.1.0	r"^MT\d{8}$"
vat	0.1.0	r"^NL\d{9}B\d{2}$"
vat	0.1.0	r"^PL\d{10}$"
vat	0.1.0	r"^PT\d{9}$"
vat	0.1.0	r"^RO\d{2,10}$"
vat	0.1.0	r"^SK\d{10}$"
vat	0.1.0	r"^SI\d{8}$"
vat	0.1.0	r"^ES[A-Z0-9]\d{7}[A-Z0-9]$"
vat	0.1.0	r"^SE\d{10}01$"
vat	0.1.0	r"^(GB(GD|HA)\d{3}|GB\d{9}|GB\d{12})$"
egc	0.1.2	"^mio"
mob	0.4.3	"y"
lit	0.2.7	"@([a-z]+)"
lit	0.2.7	"([A-Z-]+):(.*)"
lit	0.2.7	"^[a-zA-Z_][a-zA-Z0-9_]*$"
avm	1.0.1	r"\d+\.\d+\.\d+"
avm	1.0.1	r"\d+\.\d+\.\d+"
orm	0.2.0	r"^Vec<(.+)>$"
sgf	0.1.5	r"\\(\r\n|\n\r|\n|\r)"
sgf	0.1.5	r"\\(.)"
sgf	0.1.5	r"\r\n|\n\r|\n|\r"
sgf	0.1.5	r"([\]\\:])"
dok	0.2.0	"^Bearer realm=\"(.+?)\",service=\"(.+?)\",scope=\"(.+?)\"$"
d20	0.1.0	r"([+-]?\s*\d+[dD]\d+|[+-]?\s*\d+)"
dvb	0.3.0	"E"
dvb	0.3.0	"^F"
dvb	0.3.0	"^S"
ger	0.2.0	r"Change-Id: (I[a-f0-9]{40})$"
ger	0.2.0	r"(refs|ref|fix|fixes|close|closes)\s+([A-Z]{2,5}-[0-9]{1,5})$"
n5	0.1.0	r"(\d+)(\.(\d+))?(\.(\d+))?(.*)"
po	0.1.4	r"[A-Za-z0-9]"
carnix	0.6.6	r"^(\S*) (\d*)\.(\d*)\.(\d*)(-(\S*))?"
carnix	0.6.6	r"(\d*)\.(\d*)\.(\d*)(-(\S*))?"
caseless	0.2.0	r"^# CaseFolding-(\d+)\.(\d+)\.(\d+).txt$"
caseless	0.2.0	r"^([0-9A-F]+); [CF]; ([0-9A-F ]+);"
cabot	0.1.4	"\r?\n\r?\n"
cabot	0.1.4	"\r?\n"
card-validate	2.1.6	r"^600"
card-validate	2.1.6	r"^5019"
card-validate	2.1.6	r"^4"
card-validate	2.1.6	r"^(5[1-5]|2[2-7])"
card-validate	2.1.6	r"^3[47]"
card-validate	2.1.6	r"^3[0689]"
card-validate	2.1.6	r"^6([045]|22)"
card-validate	2.1.6	r"^(62|88)"
card-validate	2.1.6	r"^35"
card-validate	2.1.6	r"^[0-9]+$"
cargo-testify	0.2.0	r"\d{1,} passed.*filtered out"
cargo-testify	0.2.0	r"error(:|\[).*"
cargo-wix	0.0.2	r"<(.*?)>"
cargo-wix	0.0.2	r"<(.*?)>"
cargo-wix	0.0.2	r"<(.*?)>"
cargo-wix	0.0.2	r"<(.*?)>"
cargo-incremental	0.1.20	r"(?m)^incremental: re-using (\d+) out of (\d+) modules$"
cargo-incremental	0.1.20	r"(?m)^\s*Finished .* target\(s\) in ([0-9.]+) secs$"
cargo-incremental	0.1.20	"(?m)(warning|error): (.*)\n  --> ([^:]:\\d+:\\d+)$"
cargo-incremental	0.1.20	r"(?m)^test (.*) \.\.\. (\w+)"
cargo-incremental	0.1.20	r"(?m)(\d+) passed; (\d+) failed; (\d+) ignored; \d+ measured"
cargo-testjs	0.1.2	r"^[^-]+-[0-9a-f]+\.js$"
cargo-tarpaulin	0.5.6	r"\s*//\n"
cargo-tarpaulin	0.5.6	r"/\*"
cargo-tarpaulin	0.5.6	r"\*/"
cargo-screeps	0.0.1	"\\s+"
cargo-brew	0.1.4	r"`(\S+) v([0-9.]+)"
cargo-release	0.9.0	"^\\[.+\\]"
cargo-release	0.9.0	"^\\[\\[.+\\]\\]"
cargo-edit	0.3.0-beta.1	r"^https://github.com/([-_0-9a-zA-Z]+)/([-_0-9a-zA-Z]+)(/|.git)?$"
cargo-edit	0.3.0-beta.1	r"^https://gitlab.com/([-_0-9a-zA-Z]+)/([-_0-9a-zA-Z]+)(/|.git)?$"
cargo-demangle	0.1.2	r"(?m)(?P<symbol>_ZN[0-9]+.*E)"
cargo-coverage-annotations	0.1.5	r"^\s*\}(?:\)*;?|\s*else\s*\{)$"
cargo-urlcrate	1.0.1	"[\u{001b}\u{009b}][\\[()#;?]*(?:[0-9]{1,4}(?:;[0-9]{0,4})*)?[0-9A-PRZcf-nqry=><]"
cargo-script	0.2.8	r"^\s*\*( |$)"
cargo-script	0.2.8	r"^(\s+)"
cargo-script	0.2.8	r"/\*|\*/"
cargo-script	0.2.8	r"^\s*//!"
cargo-script	0.2.8	r"^#![^\[].*?(\r\n|\n)"
cargo-update	1.4.1	r"cargo-install-update\.exe-v.+"
canteen	0.4.1	r"^<(?:(int|uint|str|float|path):)?([\w_][a-zA-Z0-9_]*)>$"
codeowners	0.1.3	r"^@\S+/\S+"
codeowners	0.1.3	r"^@\S+"
codeowners	0.1.3	r"^\S+@\S+"
conserve	0.4.2	r"^b0000 {21} complete   20[-0-9T:+]+\s +\d+s\n$"
commodore	0.3.0	r"(?P<greeting>\S+?) (?P<name>\S+?)$"
corollary	0.3.0	r"([ \t]*)```haskell([\s\S]*?)```"
corollary	0.3.0	r"\b((?:a|b|t)\d*)\b"
colorizex	0.1.1	"NB"
colorstring	0.0.1	r"(?i)\[[a-z0-9_-]+\]"
colorstring	0.0.1	r"^(?i)(\[[a-z0-9_-]+\])+"
cobalt-bin	0.11.1	r"(?m:^ {0,3}\[[^\]]+\]:.+$)"
comrak	0.2.8	r"[^\p{L}\p{M}\p{N}\p{Pc} -]"
content-blocker	0.2.3	""
content-blocker	0.2.3	"(?i)hi"
content-blocker	0.2.3	"http[s]?://domain.org"
content-blocker	0.2.3	"(?i)http[s]?://domain.org"
content-blocker	0.2.3	"http://domain.org"
content-blocker	0.2.3	"http://domain.org"
content-blocker	0.2.3	"ad.html"
content-blocker	0.2.3	"ad.html"
content-blocker	0.2.3	"http://domain.org"
content-blocker	0.2.3	"http://domain.org/nocookies.sjs"
content-blocker	0.2.3	"http://domain.org/nocookies.sjs"
content-blocker	0.2.3	"http://domain.org/hideme.jpg"
content-blocker	0.2.3	"http://domain.org/ok.html"
content-blocker	0.2.3	"http://domain.org/ok.html\\?except_this=1"
victoria-dom	0.1.1	"[A-Za-z0-9=]"
numbat	1.0.0	r"^nsq://"
airkorea	0.1.2	r"[\s\t\r\n]"
airkorea	0.1.2	r"([\{\[,])|([\}\]])"
airkorea	0.1.2	r"[^.\d]+$"
rofl	0.0.1	r"\b"
rogcat	0.2.15	r"--------- beginning of.*"
rogcat	0.2.15	r"a|e|i|o|u"
rogcat	0.2.15	r"^(\d+)([kMG])$"
media_filename	0.1.4	"\\.([A-Za-z0-9]{2,4})$"
media_filename	0.1.4	"([0-9]{3,4}p|[0-9]{3,4}x[0-9]{3,4})"
media_filename	0.1.4	"(?:^\\[([^]]+)\\]|- ?([^-]+)$)"
media_filename	0.1.4	"(?:[eE]([0-9]{2,3})|[^0-9A-Za-z]([0-9]{2,3})(?:v[0-9])?[^0-9A-Za-z])"
media_filename	0.1.4	"[sS]([0-9]{1,2})"
media_filename	0.1.4	"((?i)(?:PPV.)?[HP]DTV|(?:HD)?CAM|BRRIP|[^a-z]TS[^a-z]|(?:PPV )?WEB.?DL(?: DVDRip)?|HDRip|DVDRip|CamRip|W[EB]BRip|BluRay|BD|DVD|DvDScr|hdtv)"
media_filename	0.1.4	"((19[0-9]|20[01])[0-9])"
media_filename	0.1.4	"((?i)xvid|x264|h\\.?264)"
media_filename	0.1.4	"((?i)MP3|DD5\\.?1|Dual[- ]Audio|LiNE|DTS|AAC(?:\\.?2\\.0)?|AC3(?:\\.5\\.1)?)"
media_filename	0.1.4	"\\[([0-9A-F]{8})\\]"
termimage	0.3.2	r"(\d+)[xX](\d+)"
teensy	0.1.0	r".*(\d{4}-\d{2}-\d{2}).*"
telescreen	0.1.3	r"<@(.+)>"
fselect	0.3.0	"(\\.|\\*|\\?|\\[|\\]|\\^|\\$)"
fselect	0.3.0	"(\\d{4})-(\\d{1,2})-(\\d{1,2}) ?(\\d{1,2})?:?(\\d{1,2})?:?(\\d{1,2})?"
fs_eventbridge	0.1.0	r"^([A-Z]+)(?:\s(.+))?\s*"
joseki	0.0.1	r"(\w{1,2})\[(.+?)\]"
tweetr	0.2.1	r"(?i)in (\d+) (second|minute|hour|day|week)s?"
bullet_core	0.1.1	"^(?u:[0-9])+"
bullet_core	0.1.1	"^(?u:[0-9])+(?u:\\.)(?u:[0-9])+"
bullet_core	0.1.1	"^(?u:[A-Za-zÂª-ÂªÂµ-ÂµÂº-ÂºÃ€-Ã–Ã˜-Ã¶Ã¸-ËË†-Ë‘Ë -Ë¤Ë¬-Ë¬Ë®-Ë®Í°-Í´Í¶-Í·Íº-Í½Í¿-Í¿Î†-Î†Îˆ-ÎŠÎŒ-ÎŒÎ-Î¡Î£-ÏµÏ·-ÒÒŠ-Ô¯Ô±-Õ–Õ™-Õ™Õ¡-Ö‡×-×ª×°-×²Ø -ÙŠÙ®-Ù¯Ù±-Û“Û•-Û•Û¥-Û¦Û®-Û¯Ûº-Û¼Û¿-Û¿Ü-ÜÜ’-Ü¯İ-Ş¥Ş±-Ş±ßŠ-ßªß´-ßµßº-ßºà €-à •à š-à šà ¤-à ¤à ¨-à ¨à¡€-à¡˜à¢ -à¢´à¤„-à¤¹à¤½-à¤½à¥-à¥à¥˜-à¥¡à¥±-à¦€à¦…-à¦Œà¦-à¦à¦“-à¦¨à¦ª-à¦°à¦²-à¦²à¦¶-à¦¹à¦½-à¦½à§-à§à§œ-à§à§Ÿ-à§¡à§°-à§±à¨…-à¨Šà¨-à¨à¨“-à¨¨à¨ª-à¨°à¨²-à¨³à¨µ-à¨¶à¨¸-à¨¹à©™-à©œà©-à©à©²-à©´àª…-àªàª-àª‘àª“-àª¨àªª-àª°àª²-àª³àªµ-àª¹àª½-àª½à«-à«à« -à«¡à«¹-à«¹à¬…-à¬Œà¬-à¬à¬“-à¬¨à¬ª-à¬°à¬²-à¬³à¬µ-à¬¹à¬½-à¬½à­œ-à­à­Ÿ-à­¡à­±-à­±à®ƒ-à®ƒà®…-à®Šà®-à®à®’-à®•à®™-à®šà®œ-à®œà®-à®Ÿà®£-à®¤à®¨-à®ªà®®-à®¹à¯-à¯à°…-à°Œà°-à°à°’-à°¨à°ª-à°¹à°½-à°½à±˜-à±šà± -à±¡à²…-à²Œà²-à²à²’-à²¨à²ª-à²³à²µ-à²¹à²½-à²½à³-à³à³ -à³¡à³±-à³²à´…-à´Œà´-à´à´’-à´ºà´½-à´½àµ-àµàµŸ-àµ¡àµº-àµ¿à¶…-à¶–à¶š-à¶±à¶³-à¶»à¶½-à¶½à·€-à·†à¸-à¸°à¸²-à¸³à¹€-à¹†àº-àº‚àº„-àº„àº‡-àºˆàºŠ-àºŠàº-àºàº”-àº—àº™-àºŸàº¡-àº£àº¥-àº¥àº§-àº§àºª-àº«àº­-àº°àº²-àº³àº½-àº½à»€-à»„à»†-à»†à»œ-à»Ÿà¼€-à¼€à½€-à½‡à½‰-à½¬à¾ˆ-à¾Œá€€-á€ªá€¿-á€¿á-á•áš-áá¡-á¡á¥-á¦á®-á°áµ-á‚á‚-á‚á‚ -áƒ…áƒ‡-áƒ‡áƒ-áƒáƒ-áƒºáƒ¼-á‰ˆá‰Š-á‰á‰-á‰–á‰˜-á‰˜á‰š-á‰á‰ -áŠˆáŠŠ-áŠáŠ-áŠ°áŠ²-áŠµáŠ¸-áŠ¾á‹€-á‹€á‹‚-á‹…á‹ˆ-á‹–á‹˜-áŒáŒ’-áŒ•áŒ˜-ášá€-áá -áµá¸-á½á-á™¬á™¯-á™¿áš-áššáš -á›ªá›±-á›¸áœ€-áœŒáœ-áœ‘áœ -áœ±á€-á‘á -á¬á®-á°á€-á³áŸ—-áŸ—áŸœ-áŸœá  -á¡·á¢€-á¢¨á¢ª-á¢ªá¢°-á£µá¤€-á¤á¥-á¥­á¥°-á¥´á¦€-á¦«á¦°-á§‰á¨€-á¨–á¨ -á©”áª§-áª§á¬…-á¬³á­…-á­‹á®ƒ-á® á®®-á®¯á®º-á¯¥á°€-á°£á±-á±á±š-á±½á³©-á³¬á³®-á³±á³µ-á³¶á´€-á¶¿á¸€-á¼•á¼˜-á¼á¼ -á½…á½ˆ-á½á½-á½—á½™-á½™á½›-á½›á½-á½á½Ÿ-á½½á¾€-á¾´á¾¶-á¾¼á¾¾-á¾¾á¿‚-á¿„á¿†-á¿Œá¿-á¿“á¿–-á¿›á¿ -á¿¬á¿²-á¿´á¿¶-á¿¼â±-â±â¿-â¿â‚-â‚œâ„‚-â„‚â„‡-â„‡â„Š-â„“â„•-â„•â„™-â„â„¤-â„¤â„¦-â„¦â„¨-â„¨â„ª-â„­â„¯-â„¹â„¼-â„¿â……-â…‰â…-â…â†ƒ-â†„â°€-â°®â°°-â±â± -â³¤â³«-â³®â³²-â³³â´€-â´¥â´§-â´§â´­-â´­â´°-âµ§âµ¯-âµ¯â¶€-â¶–â¶ -â¶¦â¶¨-â¶®â¶°-â¶¶â¶¸-â¶¾â·€-â·†â·ˆ-â·â·-â·–â·˜-â·â¸¯-â¸¯ã€…-ã€†ã€±-ã€µã€»-ã€¼ã-ã‚–ã‚-ã‚Ÿã‚¡-ãƒºãƒ¼-ãƒ¿ã„…-ã„­ã„±-ã†ã† -ã†ºã‡°-ã‡¿ã€-ä¶µä¸€-é¿•ê€€-ê’Œê“-ê“½ê”€-ê˜Œê˜-ê˜Ÿê˜ª-ê˜«ê™€-ê™®ê™¿-êšêš -ê›¥êœ—-êœŸêœ¢-êˆê‹-ê­ê°-ê·êŸ·-ê ê ƒ-ê …ê ‡-ê Šê Œ-ê ¢ê¡€-ê¡³ê¢‚-ê¢³ê£²-ê£·ê£»-ê£»ê£½-ê£½ê¤Š-ê¤¥ê¤°-ê¥†ê¥ -ê¥¼ê¦„-ê¦²ê§-ê§ê§ -ê§¤ê§¦-ê§¯ê§º-ê§¾ê¨€-ê¨¨ê©€-ê©‚ê©„-ê©‹ê© -ê©¶ê©º-ê©ºê©¾-êª¯êª±-êª±êªµ-êª¶êª¹-êª½ê«€-ê«€ê«‚-ê«‚ê«›-ê«ê« -ê«ªê«²-ê«´ê¬-ê¬†ê¬‰-ê¬ê¬‘-ê¬–ê¬ -ê¬¦ê¬¨-ê¬®ê¬°-ê­šê­œ-ê­¥ê­°-ê¯¢ê°€-í£í°-íŸ†íŸ‹-íŸ»ï¤€-ï©­ï©°-ï«™ï¬€-ï¬†ï¬“-ï¬—ï¬-ï¬ï¬Ÿ-ï¬¨ï¬ª-ï¬¶ï¬¸-ï¬¼ï¬¾-ï¬¾ï­€-ï­ï­ƒ-ï­„ï­†-ï®±ï¯“-ï´½ïµ-ï¶ï¶’-ï·‡ï·°-ï·»ï¹°-ï¹´ï¹¶-ï»¼ï¼¡-ï¼ºï½-ï½šï½¦-ï¾¾ï¿‚-ï¿‡ï¿Š-ï¿ï¿’-ï¿—ï¿š-ï¿œğ€€-ğ€‹ğ€-ğ€¦ğ€¨-ğ€ºğ€¼-ğ€½ğ€¿-ğğ-ğğ‚€-ğƒºğŠ€-ğŠœğŠ -ğ‹ğŒ€-ğŒŸğŒ°-ğ€ğ‚-ğ‰ğ-ğµğ€-ğğ -ğƒğˆ-ğğ€-ğ’ğ”€-ğ”§ğ”°-ğ•£ğ˜€-ğœ¶ğ€-ğ•ğ -ğ§ğ €-ğ …ğ ˆ-ğ ˆğ Š-ğ µğ ·-ğ ¸ğ ¼-ğ ¼ğ ¿-ğ¡•ğ¡ -ğ¡¶ğ¢€-ğ¢ğ£ -ğ£²ğ£´-ğ£µğ¤€-ğ¤•ğ¤ -ğ¤¹ğ¦€-ğ¦·ğ¦¾-ğ¦¿ğ¨€-ğ¨€ğ¨-ğ¨“ğ¨•-ğ¨—ğ¨™-ğ¨³ğ© -ğ©¼ğª€-ğªœğ«€-ğ«‡ğ«‰-ğ«¤ğ¬€-ğ¬µğ­€-ğ­•ğ­ -ğ­²ğ®€-ğ®‘ğ°€-ğ±ˆğ²€-ğ²²ğ³€-ğ³²ğ‘€ƒ-ğ‘€·ğ‘‚ƒ-ğ‘‚¯ğ‘ƒ-ğ‘ƒ¨ğ‘„ƒ-ğ‘„¦ğ‘…-ğ‘…²ğ‘…¶-ğ‘…¶ğ‘†ƒ-ğ‘†²ğ‘‡-ğ‘‡„ğ‘‡š-ğ‘‡šğ‘‡œ-ğ‘‡œğ‘ˆ€-ğ‘ˆ‘ğ‘ˆ“-ğ‘ˆ«ğ‘Š€-ğ‘Š†ğ‘Šˆ-ğ‘Šˆğ‘ŠŠ-ğ‘Šğ‘Š-ğ‘Šğ‘ŠŸ-ğ‘Š¨ğ‘Š°-ğ‘‹ğ‘Œ…-ğ‘ŒŒğ‘Œ-ğ‘Œğ‘Œ“-ğ‘Œ¨ğ‘Œª-ğ‘Œ°ğ‘Œ²-ğ‘Œ³ğ‘Œµ-ğ‘Œ¹ğ‘Œ½-ğ‘Œ½ğ‘-ğ‘ğ‘-ğ‘¡ğ‘’€-ğ‘’¯ğ‘“„-ğ‘“…ğ‘“‡-ğ‘“‡ğ‘–€-ğ‘–®ğ‘—˜-ğ‘—›ğ‘˜€-ğ‘˜¯ğ‘™„-ğ‘™„ğ‘š€-ğ‘šªğ‘œ€-ğ‘œ™ğ‘¢ -ğ‘£Ÿğ‘£¿-ğ‘£¿ğ‘«€-ğ‘«¸ğ’€€-ğ’™ğ’’€-ğ’•ƒğ“€€-ğ“®ğ”€-ğ”™†ğ– €-ğ–¨¸ğ–©€-ğ–©ğ–«-ğ–«­ğ–¬€-ğ–¬¯ğ–­€-ğ–­ƒğ–­£-ğ–­·ğ–­½-ğ–®ğ–¼€-ğ–½„ğ–½-ğ–½ğ–¾“-ğ–¾Ÿğ›€€-ğ›€ğ›°€-ğ›±ªğ›±°-ğ›±¼ğ›²€-ğ›²ˆğ›²-ğ›²™ğ€-ğ‘”ğ‘–-ğ’œğ’-ğ’Ÿğ’¢-ğ’¢ğ’¥-ğ’¦ğ’©-ğ’¬ğ’®-ğ’¹ğ’»-ğ’»ğ’½-ğ“ƒğ“…-ğ”…ğ”‡-ğ”Šğ”-ğ””ğ”–-ğ”œğ”-ğ”¹ğ”»-ğ”¾ğ•€-ğ•„ğ•†-ğ•†ğ•Š-ğ•ğ•’-ğš¥ğš¨-ğ›€ğ›‚-ğ›šğ›œ-ğ›ºğ›¼-ğœ”ğœ–-ğœ´ğœ¶-ğğ-ğ®ğ°-ğˆğŠ-ğ¨ğª-ğŸ‚ğŸ„-ğŸ‹ğ €-ğ£„ğ¸€-ğ¸ƒğ¸…-ğ¸Ÿğ¸¡-ğ¸¢ğ¸¤-ğ¸¤ğ¸§-ğ¸§ğ¸©-ğ¸²ğ¸´-ğ¸·ğ¸¹-ğ¸¹ğ¸»-ğ¸»ğ¹‚-ğ¹‚ğ¹‡-ğ¹‡ğ¹‰-ğ¹‰ğ¹‹-ğ¹‹ğ¹-ğ¹ğ¹‘-ğ¹’ğ¹”-ğ¹”ğ¹—-ğ¹—ğ¹™-ğ¹™ğ¹›-ğ¹›ğ¹-ğ¹ğ¹Ÿ-ğ¹Ÿğ¹¡-ğ¹¢ğ¹¤-ğ¹¤ğ¹§-ğ¹ªğ¹¬-ğ¹²ğ¹´-ğ¹·ğ¹¹-ğ¹¼ğ¹¾-ğ¹¾ğº€-ğº‰ğº‹-ğº›ğº¡-ğº£ğº¥-ğº©ğº«-ğº»ğ €€-ğª›–ğªœ€-ğ«œ´ğ«€-ğ« ğ«  -ğ¬º¡ğ¯ €-ğ¯¨])+"
bullet_core	0.1.1	"^(?u:d/d)((?u:[A-Za-zÂª-ÂªÂµ-ÂµÂº-ÂºÃ€-Ã–Ã˜-Ã¶Ã¸-ËË†-Ë‘Ë -Ë¤Ë¬-Ë¬Ë®-Ë®Í°-Í´Í¶-Í·Íº-Í½Í¿-Í¿Î†-Î†Îˆ-ÎŠÎŒ-ÎŒÎ-Î¡Î£-ÏµÏ·-ÒÒŠ-Ô¯Ô±-Õ–Õ™-Õ™Õ¡-Ö‡×-×ª×°-×²Ø -ÙŠÙ®-Ù¯Ù±-Û“Û•-Û•Û¥-Û¦Û®-Û¯Ûº-Û¼Û¿-Û¿Ü-ÜÜ’-Ü¯İ-Ş¥Ş±-Ş±ßŠ-ßªß´-ßµßº-ßºà €-à •à š-à šà ¤-à ¤à ¨-à ¨à¡€-à¡˜à¢ -à¢´à¤„-à¤¹à¤½-à¤½à¥-à¥à¥˜-à¥¡à¥±-à¦€à¦…-à¦Œà¦-à¦à¦“-à¦¨à¦ª-à¦°à¦²-à¦²à¦¶-à¦¹à¦½-à¦½à§-à§à§œ-à§à§Ÿ-à§¡à§°-à§±à¨…-à¨Šà¨-à¨à¨“-à¨¨à¨ª-à¨°à¨²-à¨³à¨µ-à¨¶à¨¸-à¨¹à©™-à©œà©-à©à©²-à©´àª…-àªàª-àª‘àª“-àª¨àªª-àª°àª²-àª³àªµ-àª¹àª½-àª½à«-à«à« -à«¡à«¹-à«¹à¬…-à¬Œà¬-à¬à¬“-à¬¨à¬ª-à¬°à¬²-à¬³à¬µ-à¬¹à¬½-à¬½à­œ-à­à­Ÿ-à­¡à­±-à­±à®ƒ-à®ƒà®…-à®Šà®-à®à®’-à®•à®™-à®šà®œ-à®œà®-à®Ÿà®£-à®¤à®¨-à®ªà®®-à®¹à¯-à¯à°…-à°Œà°-à°à°’-à°¨à°ª-à°¹à°½-à°½à±˜-à±šà± -à±¡à²…-à²Œà²-à²à²’-à²¨à²ª-à²³à²µ-à²¹à²½-à²½à³-à³à³ -à³¡à³±-à³²à´…-à´Œà´-à´à´’-à´ºà´½-à´½àµ-àµàµŸ-àµ¡àµº-àµ¿à¶…-à¶–à¶š-à¶±à¶³-à¶»à¶½-à¶½à·€-à·†à¸-à¸°à¸²-à¸³à¹€-à¹†àº-àº‚àº„-àº„àº‡-àºˆàºŠ-àºŠàº-àºàº”-àº—àº™-àºŸàº¡-àº£àº¥-àº¥àº§-àº§àºª-àº«àº­-àº°àº²-àº³àº½-àº½à»€-à»„à»†-à»†à»œ-à»Ÿà¼€-à¼€à½€-à½‡à½‰-à½¬à¾ˆ-à¾Œá€€-á€ªá€¿-á€¿á-á•áš-áá¡-á¡á¥-á¦á®-á°áµ-á‚á‚-á‚á‚ -áƒ…áƒ‡-áƒ‡áƒ-áƒáƒ-áƒºáƒ¼-á‰ˆá‰Š-á‰á‰-á‰–á‰˜-á‰˜á‰š-á‰á‰ -áŠˆáŠŠ-áŠáŠ-áŠ°áŠ²-áŠµáŠ¸-áŠ¾á‹€-á‹€á‹‚-á‹…á‹ˆ-á‹–á‹˜-áŒáŒ’-áŒ•áŒ˜-ášá€-áá -áµá¸-á½á-á™¬á™¯-á™¿áš-áššáš -á›ªá›±-á›¸áœ€-áœŒáœ-áœ‘áœ -áœ±á€-á‘á -á¬á®-á°á€-á³áŸ—-áŸ—áŸœ-áŸœá  -á¡·á¢€-á¢¨á¢ª-á¢ªá¢°-á£µá¤€-á¤á¥-á¥­á¥°-á¥´á¦€-á¦«á¦°-á§‰á¨€-á¨–á¨ -á©”áª§-áª§á¬…-á¬³á­…-á­‹á®ƒ-á® á®®-á®¯á®º-á¯¥á°€-á°£á±-á±á±š-á±½á³©-á³¬á³®-á³±á³µ-á³¶á´€-á¶¿á¸€-á¼•á¼˜-á¼á¼ -á½…á½ˆ-á½á½-á½—á½™-á½™á½›-á½›á½-á½á½Ÿ-á½½á¾€-á¾´á¾¶-á¾¼á¾¾-á¾¾á¿‚-á¿„á¿†-á¿Œá¿-á¿“á¿–-á¿›á¿ -á¿¬á¿²-á¿´á¿¶-á¿¼â±-â±â¿-â¿â‚-â‚œâ„‚-â„‚â„‡-â„‡â„Š-â„“â„•-â„•â„™-â„â„¤-â„¤â„¦-â„¦â„¨-â„¨â„ª-â„­â„¯-â„¹â„¼-â„¿â……-â…‰â…-â…â†ƒ-â†„â°€-â°®â°°-â±â± -â³¤â³«-â³®â³²-â³³â´€-â´¥â´§-â´§â´­-â´­â´°-âµ§âµ¯-âµ¯â¶€-â¶–â¶ -â¶¦â¶¨-â¶®â¶°-â¶¶â¶¸-â¶¾â·€-â·†â·ˆ-â·â·-â·–â·˜-â·â¸¯-â¸¯ã€…-ã€†ã€±-ã€µã€»-ã€¼ã-ã‚–ã‚-ã‚Ÿã‚¡-ãƒºãƒ¼-ãƒ¿ã„…-ã„­ã„±-ã†ã† -ã†ºã‡°-ã‡¿ã€-ä¶µä¸€-é¿•ê€€-ê’Œê“-ê“½ê”€-ê˜Œê˜-ê˜Ÿê˜ª-ê˜«ê™€-ê™®ê™¿-êšêš -ê›¥êœ—-êœŸêœ¢-êˆê‹-ê­ê°-ê·êŸ·-ê ê ƒ-ê …ê ‡-ê Šê Œ-ê ¢ê¡€-ê¡³ê¢‚-ê¢³ê£²-ê£·ê£»-ê£»ê£½-ê£½ê¤Š-ê¤¥ê¤°-ê¥†ê¥ -ê¥¼ê¦„-ê¦²ê§-ê§ê§ -ê§¤ê§¦-ê§¯ê§º-ê§¾ê¨€-ê¨¨ê©€-ê©‚ê©„-ê©‹ê© -ê©¶ê©º-ê©ºê©¾-êª¯êª±-êª±êªµ-êª¶êª¹-êª½ê«€-ê«€ê«‚-ê«‚ê«›-ê«ê« -ê«ªê«²-ê«´ê¬-ê¬†ê¬‰-ê¬ê¬‘-ê¬–ê¬ -ê¬¦ê¬¨-ê¬®ê¬°-ê­šê­œ-ê­¥ê­°-ê¯¢ê°€-í£í°-íŸ†íŸ‹-íŸ»ï¤€-ï©­ï©°-ï«™ï¬€-ï¬†ï¬“-ï¬—ï¬-ï¬ï¬Ÿ-ï¬¨ï¬ª-ï¬¶ï¬¸-ï¬¼ï¬¾-ï¬¾ï­€-ï­ï­ƒ-ï­„ï­†-ï®±ï¯“-ï´½ïµ-ï¶ï¶’-ï·‡ï·°-ï·»ï¹°-ï¹´ï¹¶-ï»¼ï¼¡-ï¼ºï½-ï½šï½¦-ï¾¾ï¿‚-ï¿‡ï¿Š-ï¿ï¿’-ï¿—ï¿š-ï¿œğ€€-ğ€‹ğ€-ğ€¦ğ€¨-ğ€ºğ€¼-ğ€½ğ€¿-ğğ-ğğ‚€-ğƒºğŠ€-ğŠœğŠ -ğ‹ğŒ€-ğŒŸğŒ°-ğ€ğ‚-ğ‰ğ-ğµğ€-ğğ -ğƒğˆ-ğğ€-ğ’ğ”€-ğ”§ğ”°-ğ•£ğ˜€-ğœ¶ğ€-ğ•ğ -ğ§ğ €-ğ …ğ ˆ-ğ ˆğ Š-ğ µğ ·-ğ ¸ğ ¼-ğ ¼ğ ¿-ğ¡•ğ¡ -ğ¡¶ğ¢€-ğ¢ğ£ -ğ£²ğ£´-ğ£µğ¤€-ğ¤•ğ¤ -ğ¤¹ğ¦€-ğ¦·ğ¦¾-ğ¦¿ğ¨€-ğ¨€ğ¨-ğ¨“ğ¨•-ğ¨—ğ¨™-ğ¨³ğ© -ğ©¼ğª€-ğªœğ«€-ğ«‡ğ«‰-ğ«¤ğ¬€-ğ¬µğ­€-ğ­•ğ­ -ğ­²ğ®€-ğ®‘ğ°€-ğ±ˆğ²€-ğ²²ğ³€-ğ³²ğ‘€ƒ-ğ‘€·ğ‘‚ƒ-ğ‘‚¯ğ‘ƒ-ğ‘ƒ¨ğ‘„ƒ-ğ‘„¦ğ‘…-ğ‘…²ğ‘…¶-ğ‘…¶ğ‘†ƒ-ğ‘†²ğ‘‡-ğ‘‡„ğ‘‡š-ğ‘‡šğ‘‡œ-ğ‘‡œğ‘ˆ€-ğ‘ˆ‘ğ‘ˆ“-ğ‘ˆ«ğ‘Š€-ğ‘Š†ğ‘Šˆ-ğ‘Šˆğ‘ŠŠ-ğ‘Šğ‘Š-ğ‘Šğ‘ŠŸ-ğ‘Š¨ğ‘Š°-ğ‘‹ğ‘Œ…-ğ‘ŒŒğ‘Œ-ğ‘Œğ‘Œ“-ğ‘Œ¨ğ‘Œª-ğ‘Œ°ğ‘Œ²-ğ‘Œ³ğ‘Œµ-ğ‘Œ¹ğ‘Œ½-ğ‘Œ½ğ‘-ğ‘ğ‘-ğ‘¡ğ‘’€-ğ‘’¯ğ‘“„-ğ‘“…ğ‘“‡-ğ‘“‡ğ‘–€-ğ‘–®ğ‘—˜-ğ‘—›ğ‘˜€-ğ‘˜¯ğ‘™„-ğ‘™„ğ‘š€-ğ‘šªğ‘œ€-ğ‘œ™ğ‘¢ -ğ‘£Ÿğ‘£¿-ğ‘£¿ğ‘«€-ğ‘«¸ğ’€€-ğ’™ğ’’€-ğ’•ƒğ“€€-ğ“®ğ”€-ğ”™†ğ– €-ğ–¨¸ğ–©€-ğ–©ğ–«-ğ–«­ğ–¬€-ğ–¬¯ğ–­€-ğ–­ƒğ–­£-ğ–­·ğ–­½-ğ–®ğ–¼€-ğ–½„ğ–½-ğ–½ğ–¾“-ğ–¾Ÿğ›€€-ğ›€ğ›°€-ğ›±ªğ›±°-ğ›±¼ğ›²€-ğ›²ˆğ›²-ğ›²™ğ€-ğ‘”ğ‘–-ğ’œğ’-ğ’Ÿğ’¢-ğ’¢ğ’¥-ğ’¦ğ’©-ğ’¬ğ’®-ğ’¹ğ’»-ğ’»ğ’½-ğ“ƒğ“…-ğ”…ğ”‡-ğ”Šğ”-ğ””ğ”–-ğ”œğ”-ğ”¹ğ”»-ğ”¾ğ•€-ğ•„ğ•†-ğ•†ğ•Š-ğ•ğ•’-ğš¥ğš¨-ğ›€ğ›‚-ğ›šğ›œ-ğ›ºğ›¼-ğœ”ğœ–-ğœ´ğœ¶-ğğ-ğ®ğ°-ğˆğŠ-ğ¨ğª-ğŸ‚ğŸ„-ğŸ‹ğ €-ğ£„ğ¸€-ğ¸ƒğ¸…-ğ¸Ÿğ¸¡-ğ¸¢ğ¸¤-ğ¸¤ğ¸§-ğ¸§ğ¸©-ğ¸²ğ¸´-ğ¸·ğ¸¹-ğ¸¹ğ¸»-ğ¸»ğ¹‚-ğ¹‚ğ¹‡-ğ¹‡ğ¹‰-ğ¹‰ğ¹‹-ğ¹‹ğ¹-ğ¹ğ¹‘-ğ¹’ğ¹”-ğ¹”ğ¹—-ğ¹—ğ¹™-ğ¹™ğ¹›-ğ¹›ğ¹-ğ¹ğ¹Ÿ-ğ¹Ÿğ¹¡-ğ¹¢ğ¹¤-ğ¹¤ğ¹§-ğ¹ªğ¹¬-ğ¹²ğ¹´-ğ¹·ğ¹¹-ğ¹¼ğ¹¾-ğ¹¾ğº€-ğº‰ğº‹-ğº›ğº¡-ğº£ğº¥-ğº©ğº«-ğº»ğ €€-ğª›–ğªœ€-ğ«œ´ğ«€-ğ« ğ«  -ğ¬º¡ğ¯ €-ğ¯¨])+)"
bullet_core	0.1.1	"^(?u:\\()"
bullet_core	0.1.1	"^(?u:\\))"
bullet_core	0.1.1	"^(?u:\\*)"
bullet_core	0.1.1	"^(?u:\\+)"
bullet_core	0.1.1	"^(?u:,)"
bullet_core	0.1.1	"^(?u:\\-)"
bullet_core	0.1.1	"^(?u:/)"
bullet_core	0.1.1	"^(?u:\\[)"
bullet_core	0.1.1	"^(?u:\\])"
bullet_core	0.1.1	"^(?u:\\^)"
bullet_core	0.1.1	"^(?u:Â·)"
actix-web	0.4.0	"//+"
actix-web	0.4.0	"//+"
althea_kernel_interface	0.1.0	r"(\S*) .* (\S*) (REACHABLE|STALE|DELAY)"
althea_kernel_interface	0.1.0	r"-s (.*) --ip6-dst (.*)/.* bcnt = (.*)"
alcibiades	0.3.0	r"\buci(?:\s|$)"
ruma-identifiers	0.11.0	r"\A[a-z0-9._=-]+\z"
rusqbin	0.2.3	r"/rusqbins/((?i)[A-F0-9]{8}\-[A-F0-9]{4}\-4[A-F0-9]{3}\-[89AB][A-F0-9]{3}\-[A-F0-9]{12})$"
rusqbin	0.2.3	r"/rusqbins/((?i)[A-F0-9]{8}\-[A-F0-9]{4}\-4[A-F0-9]{3}\-[89AB][A-F0-9]{3}\-[A-F0-9]{12})/requests/?$"
rust-install	0.0.4	r"^(nightly|beta|stable)(?:-(\d{4}-\d{2}-\d{2}))?$"
rust_inbox	0.0.5	"^+(.*)\r\n"
rust_inbox	0.0.5	r"^\* CAPABILITY (.*)\r\n"
rust_inbox	0.0.5	r"^([a-zA-Z0-9]+) (OK|NO|BAD)(.*)"
rust_inbox	0.0.5	r"^\* (\d+) EXISTS\r\n"
rust_inbox	0.0.5	r"^\* (\d+) RECENT\r\n"
rust_inbox	0.0.5	r"^\* FLAGS (.+)\r\n"
rust_inbox	0.0.5	r"^\* OK \[UNSEEN (\d+)\](.*)\r\n"
rust_inbox	0.0.5	r"^\* OK \[UIDVALIDITY (\d+)\](.*)\r\n"
rust_inbox	0.0.5	r"^\* OK \[UIDNEXT (\d+)\](.*)\r\n"
rust_inbox	0.0.5	r"^\* OK \[PERMANENTFLAGS (.+)\](.*)\r\n"
rustml	0.0.7	r"^[a-z]+ (\d+)$"
rustml	0.0.7	r"^[a-z]+ (\d+)$"
rustml	0.0.7	r"^[a-z]+ (\d+)$"
rustfmt	0.10.0	r"([^\\](\\\\)*)\\[\n\r][[:space:]]*"
rustfmt-core	0.4.0	r"(^\s*$)|(^\s*//\s*rustfmt-[^:]+:\s*\S+)"
rustfmt-core	0.4.0	r"^## `([^`]+)`"
rustfmt-core	0.4.0	r"([^\\](\\\\)*)\\[\n\r][[:space:]]*"
rustfmt-core	0.4.0	r"\s;"
rust-enum-derive	0.4.0	r"^(0x)?([:digit:]+)$"
rust-enum-derive	0.4.0	r"^([:digit:]+)[:space:]*<<[:space:]*([:digit:]+)$"
rust-enum-derive	0.4.0	r"^[:space:]*([[:alnum:]_]+)([:space:]*=[:space:]*([:graph:]+))?[:space:]*,"
rust-enum-derive	0.4.0	r"^#define[:space:]+([:graph:]+)[:space:]+([:graph:]+)"
rustsourcebundler	0.1.1	r"^\s*pub mod (.+);$"
rustsourcebundler	0.1.1	r"^\s*pub mod (.+);$"
rustfmt-nightly	0.3.8	r"(^\s*$)|(^\s*//\s*rustfmt-[^:]+:\s*\S+)"
rustfmt-nightly	0.3.8	r"^## `([^`]+)`"
rustfmt-nightly	0.3.8	r"\s;"
rustfmt-nightly	0.3.8	r"([^\\](\\\\)*)\\[\n\r][[:space:]]*"
rustache	0.1.0	r"(?s)(.*?)([ \t\r\n]*)(\{\{(\{?\S?\s*?[\w\.\s]*.*?\s*?\}?)\}\})([ \t\r\n]*)"
rustfilt	0.2.0	r"_ZN[\$\._[:alnum:]]*"
rustache-lists	0.1.2	r"(?s)(.*?)([ \t\r\n]*)(\{\{(\{?\S?\s*?[\w\.\s]*.*?\s*?\}?)\}\})([ \t\r\n]*)"
rural	0.7.3	"(.+)=(.+)"
rural	0.7.3	"(.*):(.+)"
rural	0.7.3	"(.+):=(.+)"
rural	0.7.3	"(.*)==(.+)"
rusoto_credential	0.10.0	r"^\[([^\]]+)\]$"
rumblebars	0.3.0	"([:blank:]*)$"
rumblebars	0.3.0	"(\r?\n)[:blank:]*(\\{\\{~?[#!/](?:\\}?[^}])*\\}\\})[:blank:]*(:?\r?\n)?\\z"
rumblebars	0.3.0	"(\r?\n[:blank:]*)(\\{\\{~?>(?:\\}?[^}])*\\}\\})[:blank:]*(:?\r?\n)?\\z"
rumblebars	0.3.0	"((?:[:blank:]|\r?\n)*)(\r?\n)[:blank:]*$"
rumblebars	0.3.0	"^([:blank:]*\r?\n)(.*)"
diesel_cli	1.0.1	r"(?P<stamp>[\d-]*)_hello"
dishub	0.1.1	r"(\d+)s"
spreadsheet_textconv	0.1.0	r"\n"
spreadsheet_textconv	0.1.0	r"\r"
spreadsheet_textconv	0.1.0	r"\t"
spreadsheet_textconv	0.1.0	r"\\"
split_aud	0.1.0	r"DELAY (-?\d+)ms"
split_aud	0.1.0	r"Trim\((\d+), ?(\d+)\)"
spotrust	0.0.5	r"spotify:[a-z]+:[a-zA-Z0-9]+"
spaceslugs	0.1.0	r"[^\x00-\x7F]"
spaceslugs	0.1.0	r"[']+"
spaceslugs	0.1.0	r"\W+"
spaceslugs	0.1.0	r"[ ]+"
space_email_api	0.1.1	"PHPSESSID=([0-9a-f]+)"
lorikeet	0.6.0	"[^0-9.,]"
claude	0.2.0	r"(?:\b|(-)?)(\p{Sc})?((?:(?:\d{1,3}[\.,])+\d{3})|\d+)(?:[\.,](\d{2}))?\b"
clam	0.1.6	r"<%=\s*(.+?)\s*%>"
classifier	0.0.3	r"(\s)"
ultrastar-txt	0.1.2	r"#([A-Z3a-z]*):(.*)"
ultrastar-txt	0.1.2	"^-\\s?(-?[0-9]+)\\s*$"
ultrastar-txt	0.1.2	"^-\\s?(-?[0-9]+)\\s+(-?[0-9]+)"
ultrastar-txt	0.1.2	"^(.)\\s*(-?[0-9]+)\\s+(-?[0-9]+)\\s+(-?[0-9]+)\\s?(.*)"
ultrastar-txt	0.1.2	"^P\\s?(-?[0-9]+)"
db-accelerate	2.0.0	r"^template\.add($|\..+$)"
db-accelerate	2.0.0	r"^template\.sub($|\..+$)"
stache	0.2.0	r"[^\w]"
strukt	0.1.0	"\"([<>]?)([xcbB\\?hHiIlLqQfdspP]*)\""
steamid-ng	0.3.1	r"^STEAM_([0-4]):([0-1]):([0-9]{1,10})$"
steamid-ng	0.3.1	r"^\[([AGMPCgcLTIUai]):([0-4]):([0-9]{1,10})(:([0-9]+))?\]$"
strscan	0.1.1	r"^\w+"
strscan	0.1.1	r"^\s+"
strscan	0.1.1	r"^\w+"
strscan	0.1.1	r"^\s+"
strscan	0.1.1	r"^(\w+)\s+"
tk-carbon	0.2.0	r"^([a-zA-Z0-9\.-]+)(?:\s+(\d+))$"
tk-carbon	0.2.0	r"^([a-zA-Z0-9\.-]+)(?:\s+(\d+))$"
evalrs	0.0.10	r"extern\s+crate\s+([a-z0-9_]+)\s*;(\s*//(.+))?"
evalrs	0.0.10	r"(?m)^# "
evalrs	0.0.10	r"(?m)^\s*fn +main *\( *\)"
evalrs	0.0.10	r"(extern\s+crate\s+[a-z0-9_]+\s*;)"
gate_build	0.2.1	"(.*)_t([0-9]+)"
rafy	0.2.0	r"^.*(?:(?:youtu\.be/|v/|vi/|u/w/|embed/)|(?:(?:watch)?\?v(?:i)?=|\&v(?:i)?=))([^#\&\?]*).*"
raven	0.2.1	r"^(?P<protocol>.*?)://(?P<public_key>.*?):(?P<secret_key>.*?)@(?P<host>.*?)/(?P<path>.*/)?(?P<project_id>.*)$"
indradb	0.10.0	r"Item #0: (.+)"
indradb-lib	0.10.0	r"[a-zA-Z0-9]{8}"
nickel	0.10.1	"/hello/(?P<name>[a-zA-Z]+)"
nickel	0.10.1	"/hello/(?P<name>[a-zA-Z]+)"
pact_verifier	0.3.0	r"\{(\w+)\}"
pact_matching	0.3.1	"application/.*json"
pact_matching	0.3.1	"application/json.*"
pact_matching	0.3.1	"application/.*xml"
pangu	0.1.0	"([\"'\\(\\[\\{{<\u{201c}])(\\s*)(.+?)(\\s*)([\"'\\)\\]\\}}>\u{201d}])"
pangu	0.1.0	"([\\(\\[\\{{<\u{201c}]+)(\\s*)(.+?)(\\s*)([\\)\\]\\}}>\u{201d}]+)"
parser-haskell	0.2.0	r"\{-[\s\S]*?-\}"
parser-haskell	0.2.0	r"(?m);+\s*$"
parser-haskell	0.2.0	r"(?m)^#(if|ifn?def|endif|else|include|elif).*"
parser-haskell	0.2.0	r"'([^'\\]|\\[A-Z]{1,3}|\\.)'"
parser-haskell	0.2.0	r"forall\s+(.*?)\."
httpbis	0.4.1	"/inf/(\\d+)"
httpbis	0.4.1	"/bq/(\\d+)"
ovpnfile	0.1.2	r"#.*$"
ovpnfile	0.1.2	r"^<(\S+)>"
ovpnfile	0.1.2	r"^</(\S+)>"
screenruster-saver-fractal	0.1.1	r"#([:xdigit:]{2})([:xdigit:]{2})([:xdigit:]{2})"
scarlet	0.1.1	r"rgb\((?: *(\d{1,3}),)(?: *(\d{1,3}),)(?: *(\d{1,3}))\)"
cpp_to_rust_generator	0.2.0	r"^([\w:]+)<(.+)>$"
cpp_to_rust_generator	0.2.0	r"^type-parameter-(\d+)-(\d+)$"
cpp_to_rust_generator	0.2.0	r"^([\w~]+)<[^<>]+>$"
cpp_to_rust_generator	0.2.0	r"(signals|Q_SIGNALS)\s*:"
cpp_to_rust_generator	0.2.0	r"(slots|Q_SLOTS)\s*:"
cpp_to_rust_generator	0.2.0	r"(public|protected|private)\s*:"
cpp_to_rust	0.5.3	r"^([\w:]+)<(.+)>$"
cpp_to_rust	0.5.3	r"^type-parameter-(\d+)-(\d+)$"
cpp_to_rust	0.5.3	r"^([\w~]+)<[^<>]+>$"
cpp_to_rust	0.5.3	r"(signals|Q_SIGNALS)\s*:"
cpp_to_rust	0.5.3	r"(slots|Q_SLOTS)\s*:"
cpp_to_rust	0.5.3	r"(public|protected|private)\s*:"
fritzbox_logs	0.2.0	"(\\d{2}\\.\\d{2}\\.\\d{2}) (\\d{2}:\\d{2}:\\d{2}) (.*)"
smtp2go	0.1.4	r"^api-[a-zA-Z0-9]{32}$"
pusher	0.3.1	r"^[-a-zA-Z0-9_=@,.;]+$"
pusher	0.3.1	r"\A\d+\.\d+\z"
bakervm	0.9.0	r"^\.(.+?) +?(.+)$"
bakervm	0.9.0	r"^\.([^\s]+)$"
bakervm	0.9.0	r"^include! +([^\s]+)$"
bakervm	0.9.0	r"^@(\d+)$"
bakervm	0.9.0	r"^true|false$"
bakervm	0.9.0	r"^(-?\d+)?\.[0-9]+$"
bakervm	0.9.0	r"^(-?\d+)?$"
bakervm	0.9.0	r"^#([0-9abcdefABCDEF]{6})$"
bakervm	0.9.0	r"^'(.)'$"
bakervm	0.9.0	r"^\$vi\((\d+)\)$"
bakervm	0.9.0	r"^\$key\((\d+)\)$"
banana	0.0.2	"(?P<type>[A-Z^']+) (?P<route>[^']+) HTTP/(?P<http>[^']+)"
serial-key	2.0.0	r"[A-F0-9]{8}"
serde-hjson	0.8.1	"[\\\\\"\x00-\x1f\x7f-\u{9f}\u{00ad}\u{0600}-\u{0604}\u{070f}\u{17b4}\u{17b5}\u{200c}-\u{200f}\u{2028}-\u{202f}\u{2060}-\u{206f}\u{feff}\u{fff0}-\u{ffff}]"
serde-hjson	0.8.1	"[\x00-\x1f\x7f-\u{9f}\u{00ad}\u{0600}-\u{0604}\u{070f}\u{17b4}\u{17b5}\u{200c}-\u{200f}\u{2028}-\u{202f}\u{2060}-\u{206f}\u{feff}\u{fff0}-\u{ffff}]"
serde-hjson	0.8.1	"'''|[\x00-\x09\x0b\x0c\x0e-\x1f\x7f-\u{9f}\u{00ad}\u{0600}-\u{0604}\u{070f}\u{17b4}\u{17b5}\u{200c}-\u{200f}\u{2028}-\u{202f}\u{2060}-\u{206f}\u{feff}\u{fff0}-\u{ffff}]"
serde-odbc	0.1.0	r"/todos/(?P<id>\d+)"
sentiment	0.1.1	r"[^a-zA-Z0 -]+"
sentiment	0.1.1	r" {2,}"
verilog	0.0.1	r"(?m)//.*"
verex	0.2.2	"(?P<robot>C3PO)"
handlebars	1.0.0-beta.1	">|<|\"|&"
haikunator	0.1.2	r"^\w+-\w+-[0123456789]{4}$"
haikunator	0.1.2	r"^\w+@\w+@[0123456789]{4}$"
haikunator	0.1.2	r"^\w+-\w+-[0123456789abcdef]{4}$"
haikunator	0.1.2	r"^\w+-\w+-[0123456789å¿ çŠ¬ãƒãƒå…¬]{10}$"
haikunator	0.1.2	r"^\w+-\w+$"
haikunator	0.1.2	r"^\w+-\w+-[foo]{4}$"
haikunator	0.1.2	r"^\w+-\w+-[0123456789å¿ çŠ¬ãƒãƒå…¬]{5}$"
bobbin-cli	0.8.0	r"(.*)"
bobbin-cli	0.8.0	r"rustc (.*)"
bobbin-cli	0.8.0	r"cargo (.*)"
bobbin-cli	0.8.0	r"xargo (.*)\n"
bobbin-cli	0.8.0	r"Open On-Chip Debugger (.*)"
bobbin-cli	0.8.0	r"arm-none-eabi-gcc \(GNU Tools for ARM Embedded Processors[^\)]*\) (.*)"
bobbin-cli	0.8.0	r"(?m).*\nBasic Open Source SAM-BA Application \(BOSSA\) Version (.*)\n"
bobbin-cli	0.8.0	r"(?m)SEGGER J-Link Commander (.*)\n"
bobbin-cli	0.8.0	r"(?m)Teensy Loader, Command Line, Version (.*)\n"
bobbin-cli	0.8.0	r"dfu-util (.*)\n"
borsholder	0.6.1	r"^/static/[^\\/]+$"
fblog	1.0.0	"\u{001B}\\[[\\d;]*[^\\d;]"
fblog	1.0.0	"\u{001B}\\[[\\d;]*[^\\d;]"
truecase	0.1.0	r"[,.?!:;\s]+"
toml-query	0.6.0	r"^\[\d+\]$"
todo-txt	1.0.0	r" (?P<key>[^\s]+):(?P<value>[^\s^/]+)"
file-sniffer	3.0.1	r".*?\.(a|la|lo|o|ll|keter|bc|dyn_o|out|d|rlib|crate|min\.js|hi|dyn_hi|S|jsexe|webapp|js\.externs|ibc|toc|aux|fdb_latexmk|fls|egg-info|whl|js_a|js_hi|jld|ji|js_o|so.*|dump-.*|vmb|crx|orig|elmo|elmi|pyc|mod|p_hi|p_o|prof|tix)$"
file-sniffer	3.0.1	r".*?\.(stats|conf|h|cache.*|dat|pc|info)$"
file-sniffer	3.0.1	r".*?\.(exe|a|la|o|ll|keter|bc|dyn_o|out|d|rlib|crate|min\.js|hi|dyn_hi|jsexe|webapp|js\.externs|ibc|toc|aux|fdb_latexmk|fls|egg-info|whl|js_a|js_hi|jld|ji|js_o|so.*|dump-.*|vmb|crx|orig|elmo|elmi|pyc|mod|p_hi|p_o|prof|tix)$"
file-sniffer	3.0.1	r".*?\.(stats|conf|h|cache.*)$"
file-sniffer	3.0.1	r"(\.git|\.pijul|_darcs|\.hg)$"
file_logger	0.1.0	"test"
file_scanner	0.2.0	r"foo"
file_scanner	0.2.0	r"a+b"
file_scanner	0.2.0	r"a[ab]*b"
file_scanner	0.2.0	r"\s+"
file_scanner	0.2.0	r"\s+"
cellsplit	0.2.1	r"^\s*([^\s]+) %cellsplit<\d+>$"
cellsplit	0.2.1	r"^\s*([^\s]+) %cellsplit<\d+>$"
aterm	0.20.0	r"^[+\-]?[0-9]+"
aterm	0.20.0	r"^[+\-]?[0-9]+\.[0-9]*([eE][+\-]?[0-9]+)?"
atarashii_imap	0.3.0	r"^[*] OK"
atarashii_imap	0.3.0	r"FLAGS\s\((.+)\)"
atarashii_imap	0.3.0	r"\[PERMANENTFLAGS\s\((.+)\)\]"
atarashii_imap	0.3.0	r"\[UIDVALIDITY\s(\d+)\]"
atarashii_imap	0.3.0	r"(\d+)\sEXISTS"
atarashii_imap	0.3.0	r"(\d+)\sRECENT"
atarashii_imap	0.3.0	r"\[UNSEEN\s(\d+)\]"
atarashii_imap	0.3.0	r"\[UIDNEXT\s(\d+)\]"
editorconfig	1.0.0	r"\\(\{|\})"
editorconfig	1.0.0	r"(^|[^\\])\\\|"
editorconfig	1.0.0	r"\[([^\]]*)$"
editorconfig	1.0.0	r"\[(.*/.*)\]"
editorconfig	1.0.0	r"\{(-?\d+\\\.\\\.-?\d+)\}"
editorconfig	1.0.0	r"\{([^,]+)\}"
editorconfig	1.0.0	r"\{(([^\}].*)?(,|\|)(.*[^\\])?)\}"
editorconfig	1.0.0	r"^/"
editorconfig	1.0.0	r"(^|[^\\])(\{|\})"
unidiff	0.2.0	r"^--- (?P<filename>[^\t\n]+)(?:\t(?P<timestamp>[^\n]+))?"
unidiff	0.2.0	r"^\+\+\+ (?P<filename>[^\t\n]+)(?:\t(?P<timestamp>[^\n]+))?"
unidiff	0.2.0	r"^@@ -(\d+)(?:,(\d+))? \+(\d+)(?:,(\d+))? @@[ ]?(.*)"
unidiff	0.2.0	r"^(?P<line_type>[- \n\+\\]?)(?P<value>.*)"
slippy-map-tiles	0.14.0	"/?(?P<zoom>[0-9]?[0-9])/(?P<x>[0-9]{1,10})/(?P<y>[0-9]{1,10})(\\.[a-zA-Z]{3,4})?$"
slippy-map-tiles	0.14.0	"^(?P<zoom>[0-9]?[0-9])/(?P<x>[0-9]{1,10})/(?P<y>[0-9]{1,10})$"
slippy-map-tiles	0.14.0	"^(?P<scale>[0-9]+) (?P<zoom>[0-9]?[0-9])/(?P<x>[0-9]{1,10})/(?P<y>[0-9]{1,10})$"
slippy-map-tiles	0.14.0	r"^(?P<minlon>-?[0-9]{1,3}(\.[0-9]{1,10})?) (?P<minlat>-?[0-9]{1,3}(\.[0-9]{1,10})?) (?P<maxlon>-?[0-9]{1,3}(\.[0-9]{1,10})?) (?P<maxlat>-?[0-9]{1,3}(\.[0-9]{1,10})?)$"
slippy-map-tiles	0.14.0	r"^(?P<minlon>-?[0-9]{1,3}(\.[0-9]{1,10})?),(?P<minlat>-?[0-9]{1,3}(\.[0-9]{1,10})?),(?P<maxlon>-?[0-9]{1,3}(\.[0-9]{1,10})?),(?P<maxlat>-?[0-9]{1,3}(\.[0-9]{1,10})?)$"
sonos	0.1.2	r"^https?://(.+?):1400/xml"
validator_derive	0.6.1	r"^[a-z]{2}$"
validator_derive	0.6.1	r"[a-z]{2}"
validator_derive	0.6.1	r"[a-z]{2}"
waltz	0.4.0	r"[\s,]"
warheadhateus	0.2.1	r"^aws_access_key_id = (.*)"
warheadhateus	0.2.1	r"^aws_secret_access_key = (.*)"
warheadhateus	0.2.1	r"^aws_access_key_id = (.*)"
warheadhateus	0.2.1	r"^aws_secret_access_key = (.*)"
lalrpop	0.14.0	r"Span\([0-9 ,]*\)"
lalrpop-snap	0.14.0	r"Span\([0-9 ,]*\)"
nlp-tokenize	0.1.0	r"[\S]+"
kbgpg	0.1.2	"[[:xdigit:]][70]"
cdbd	0.1.1	r"^((?P<address>.*):)?(?P<port>\d+)$"
mbutiles	0.1.1	r"[\w\s=+-/]+\((\{(.|\n)*\})\);?"
pippin	0.1.0	"^((?:.*)-)?ss(0|[1-9][0-9]*)\\.pip$"
pippin	0.1.0	"^((?:.*)-)?ss(0|[1-9][0-9]*)-cl(0|[1-9][0-9]*)\\.piplog$"
pippin	0.1.0	"^((?:.*)-)?ss(0|[1-9][0-9]*)\\.pip$"
pippin	0.1.0	"^((?:.*)-)?ss(0|[1-9][0-9]*)-cl(0|[1-9][0-9]*)\\.piplog$"
pippin	0.1.0	"^.*pn(0|[1-9][0-9]*)(-ss(0|[1-9][0-9]*)(\\.pip|-cl(0|[1-9][0-9]*)\\.piplog))?$"
pippin	0.1.0	"^(.*)-ss(?:0|[1-9][0-9]*)(?:\\.pip|-cl(?:0|[1-9][0-9]*)\\.piplog)$"
pinyin	0.2.0	r"(?i)[ÄÃ¡ÇÃ Ä“Ã©Ä›Ã¨ÅÃ³Ç’Ã²Ä«Ã­ÇÃ¬Å«ÃºÇ”Ã¹Ã¼Ç˜ÇšÇœÅ„ÅˆîŸ‡]"
pinyin	0.2.0	r"([aeoiuvnm])([0-4])$"
duration-parser	0.2.0	r"(?P<value>\d+)(?P<units>[a-z])"
djangohashers	0.3.0	r"^[A-Za-z0-9]*$"
rtag	0.3.5	r"^[A-Z][A-Z0-9]{2,}$"
rtag	0.3.5	r"^http://www\.emusic\.com"
rtag	0.3.5	r"^[A-Z][A-Z0-9]{2,}"
rtag	0.3.5	r"(^[\x{0}|\x{feff}|\x{fffe}]*|[\x{0}|\x{feff}|\x{fffe}]*$)"
pleingres-sql-plugin	0.1.0	r"\$([a-zA-Z0-9_]+)"
dono	2.0.0	"[\\n]+"
dono	2.0.0	"(?m)^\\n"
dono	2.0.0	"(?m)^\\n"
mozversion	0.1.2	r"^(?P<major>\d+)\.(?P<minor>\d+)(?:\.(?P<patch>\d+))?(?:(?P<pre0>[a-z]+)(?P<pre1>\d*))?$"
monger	0.5.6	r"^(\d+)\.(\d+)$"
mongo_rub	0.0.2	r"^[rv]2\.6"
flow	0.3.5	"body value"
flow	0.3.5	"start marker"
flow	0.3.5	"end marker"
flow	0.3.5	"body value"
vobsub	0.2.3	"^([A-Za-z/ ]+): (.*)"
voidmap	1.1.2	r"#([^\s=]+)*"
voidmap	1.1.2	r"#(\S+)*"
voidmap	1.1.2	r"#prio=(\d+)"
voidmap	1.1.2	r"\[(\S+)\]"
voidmap	1.1.2	r"#limit=(\d+)"
voidmap	1.1.2	r"#tagged=(\S+)"
voidmap	1.1.2	r"#rev\b"
voidmap	1.1.2	r"#done\b"
voidmap	1.1.2	r"#open\b"
voidmap	1.1.2	r"#since=(\S+)"
voidmap	1.1.2	r"#until=(\S+)"
voidmap	1.1.2	r"#plot=(\S+)"
voidmap	1.1.2	r"#n=(\d+)"
voidmap	1.1.2	r"(\S+)"
voidmap	1.1.2	r"(?P<y>\d+)y"
voidmap	1.1.2	r"(?P<m>\d+)m"
voidmap	1.1.2	r"(?P<w>\d+)w"
voidmap	1.1.2	r"(?P<d>\d+)d"
voidmap	1.1.2	r"(?P<h>\d+)h"
voidmap	1.1.2	r"C-(.)"
qt_generator	0.2.0	r"^\.\./qt[^/]+/"
qt_generator	0.2.0	"(href|src)=\"([^\"]*)\""
cifar_10_loader	0.2.0	"data_batch_[1-5].bin"
cifar_10_loader	0.2.0	"test_batch.bin"
circadian	0.6.0	r"^\d+.\d+s$"
circadian	0.6.0	r"^\d+:\d+$"
circadian	0.6.0	r"^\d+:\d+m$"
cicada	0.8.0	r"!!"
cicada	0.8.0	r"^([^`]*)`([^`]+)`(.*)$"
cicada	0.8.0	r"\*+"
cicada	0.8.0	r"([^\$]*)\$\{?([A-Za-z0-9\?\$_]+)\}?(.*)"
cicada	0.8.0	r"^ *alias +([a-zA-Z0-9_\.-]+)=(.*)$"
vterm-sys	0.1.0	r"hi"
skim	0.3.2	r".*?\t"
skim	0.3.2	r".*?[\t ]"
skim	0.3.2	r"(\{[0-9.,q]*?})"
skim	0.3.2	r"[ \t\n]+"
skim	0.3.2	r"[ \t\n]+"
skim	0.3.2	r"([^ |]+( +\| +[^ |]*)+)|( +)"
skim	0.3.2	r" +\| +"
skim	0.3.2	","
skim	0.3.2	".*?,"
skim	0.3.2	".*?,"
skim	0.3.2	","
skim	0.3.2	r"\x1B\[(?:([0-9]+;[0-9]+[Hf])|([0-9]+[ABCD])|(s|u|2J|K)|([0-9;]*m)|(=[0-9]+[hI]))"
egg-mode-text	1.14.7	r"[-_./]\z"
java-properties	1.1.0	"^[ \t\r\n\x0c]*[#!]"
java-properties	1.1.0	r"^[ \t\x0c]*[#!][^\r\n]*$"
java-properties	1.1.0	r"^([ \t\x0c]*[:=][ \t\x0c]*|[ \t\x0c]+)$"
ipaddress	0.1.2	r":.+\."
ipaddress	0.1.2	r"\."
ipaddress	0.1.2	r":"
iptables	0.2.2	r"v(\d+)\.(\d+)\.(\d+)"
rsure	0.7.0	r"^([^-]+)-(.*)\.dat\.gz$"
rs-jsonpath	0.1.0	"^(.*?)(<=|<|==|>=|>)(.*?)$"
weld	0.1.0	r"^[A-Za-z$_][A-Za-z0-9$_]*$"
weld	0.1.0	r"^[0-9]+[cC]$"
weld	0.1.0	r"^0b[0-1]+[cC]$"
weld	0.1.0	r"^0x[0-9a-fA-F]+[cC]$"
weld	0.1.0	r"^[0-9]+$"
weld	0.1.0	r"^0b[0-1]+$"
weld	0.1.0	r"^0x[0-9a-fA-F]+$"
weld	0.1.0	r"^[0-9]+[lL]$"
weld	0.1.0	r"^0b[0-1]+[lL]$"
weld	0.1.0	r"^0x[0-9a-fA-F]+[lL]$"
weave	0.1.0	r"^(\d+)(,(\d+))?([acd]).*$"
wemo	0.0.12	r"<BinaryState>(\d)(\|-?\d+)*</BinaryState>"
webscale	0.9.4	r"(http[s]?://[^\s]+)"
svgrep	1.1.0	r"^\d+.*$"
ignore	0.4.1	r"^[\pL\pN]+$"
opcua-types	0.3.0	"^(?P<min>[0-9]{1,10})(:(?P<max>[0-9]{1,10}))?$"
opcua-types	0.3.0	r"^(ns=(?P<ns>[0-9]+);)?(?P<t>[isgb])=(?P<v>.+)$"
open_read_later	1.1.1	r"^(.+?)\s*:\s*(.+)$"
youtube-downloader	0.1.0	r"^.*(?:(?:youtu\.be/|v/|vi/|u/w/|embed/)|(?:(?:watch)?\?v(?:i)?=|\&v(?:i)?=))([^#\&\?]*).*"
yobot	0.1.1	"."
yobot	0.1.1	r"."
yobot	0.1.1	r".+"
yobot	0.1.1	r"."
ubiquity	0.1.5	r"foo"
ubiquity	0.1.5	r"/target/"
ubiquity	0.1.5	r".DS_Store"
drill	0.1.0	r"\{\{ *([a-z\._]+) *\}\}"
queryst	1.0.1	r"^([^][]+)"
queryst	1.0.1	r"(\[[^][]*\])"
queryst-prime	2.0.0	r"^([^][]+)"
queryst-prime	2.0.0	r"(\[[^][]*\])"
substudy	0.4.5	r"^(\d+)/(\d+)$"
substudy	0.4.5	r"\s+"
substudy	0.4.5	r"<[a-z/][^>]*>"
substudy	0.4.5	r"(\([^)]*\)|â™ª[^â™ª]*â™ª|[A-Z]{2,} ?:)"
substudy	0.4.5	r"\s+"
isbnid	0.1.3	r"^(\d(-| )?){9}(x|X|\d|(\d(-| )?){3}\d)$"
isbnid	0.1.3	r"[^0-9X]"
ispc	0.3.3	r"Intel\(r\) SPMD Program Compiler \(ispc\), (\d+\.\d+\.\d+)"
